관리기관명,소재지도로명주소,소재지지번주소,설치목적구분,WGS84위도,WGS84경도
서울특별시 중구청,서울특별시 중구 수표로 45,서울특별시 중구 저동2가 78,생활방범,37.5654,126.9891
서울특별시 중구청,서울특별시 중구 남대문로1길 16 (북창동),서울특별시 중구 북창동 118,생활방범,37.5618,126.9775
서울특별시 중구청,서울특별시 중구 을지로 35 (을지로1가),서울특별시 중구 을지로1가 101-1,생활방범,37.5667,126.9816
서울특별시 중구청,서울특별시 중구 소공로 109 (소공동),서울특별시 중구 소공동 110-1,생활방범,37.5639,126.9779
서울특별시 중구청,서울특별시 중구 다동길 43 (다동),서울특별시 중구 다동 70,생활방범,37.5680,126.9814
서울특별시 중구청,서울특별시 중구 세종대로 74 (태평로2가),서울특별시 중구 태평로2가 69-5,생활방범,37.5627,126.9766
서울특별시 중구청,서울특별시 중구 남대문로9길 39 (을지로1가),서울특별시 중구 을지로1가 42,생활방범,37.5668,126.9799
서울특별시 중구청,서울특별시 중구 무교로 32 (무교동),서울특별시 중구 무교동 1,생활방범,37.5689,126.9794
서울특별시 중구청,서울특별시 중구 소공로6길 25 (남산동1가),서울특별시 중구 남산동1가 15,생활방범,37.5585,126.9844
서울특별시 중구청,서울특별시 중구 퇴계로18길 5 (남산동2가),서울특별시 중구 남산동2가 6-1,생활방범,37.5607,126.9855
서울특별시 중구청,서울특별시 중구 소공로6가길 13 (남산동1가),서울특별시 중구 남산동1가 21-4,생활방범,37.5579,126.9841
서울특별시 중구청,서울특별시 중구 퇴계로20길 56,서울특별시 중구 남산동2가 26-8,생활방범,37.5576,126.9867
서울특별시 중구청,서울특별시 중구 퇴계로22길 17 (남산동2가),서울특별시 중구 남산동2가 2,생활방범,37.5603,126.9865
서울특별시 중구청,서울특별시 중구 소공로6나길 6 (회현동2가),서울특별시 중구 회현동2가 42-9,생활방범,37.5582,126.9837
서울특별시 중구청,서울특별시 중구 퇴계로18길 70 (남산동1가),서울특별시 중구 남산동1가 21-1,생활방범,37.5578,126.9844
서울특별시 중구청,서울특별시 중구 명동길 43 (명동1가),서울특별시 중구 명동1가 53-1,생활방범,37.5638,126.9849
서울특별시 중구청,서울특별시 중구 퇴계로20길 19 (남산동2가),서울특별시 중구 남산동2가 15-10,생활방범,37.5593,126.9860
서울특별시 중구청,서울특별시 중구 퇴계로16길 21 (남산동1가),서울특별시 중구 남산동1가 8-1,생활방범,37.5597,126.9846
서울특별시 중구청,서울특별시 중구 명동길 42 (명동2가),서울특별시 중구 명동2가 33-2,생활방범,37.5636,126.9845
서울특별시 중구청,서울특별시 중구 명동13길 14 (저동1가),서울특별시 중구 저동1가 79-5,생활방범,37.5648,126.9864
서울특별시 중구청,서울특별시 중구 소공로4길 21 (회현동2가),서울특별시 중구 회현동2가 48-19,생활방범,37.5572,126.9835
서울특별시 중구청,서울특별시 중구 퇴계로16길 14-7,서울특별시 중구 회현동3가 4-7,생활방범,37.5602,126.9842
서울특별시 중구청,서울특별시 중구 퇴계로20가길 16 (남산동2가),서울특별시 중구 남산동2가 15-1,생활방범,37.5596,126.9864
서울특별시 중구청,서울특별시 중구 퇴계로20가길 16,서울특별시 중구 남산동2가 15-1,생활방범,37.5596,126.9864
서울특별시 중구청,서울특별시 중구 퇴계로20나길 15-20 (예장동),서울특별시 중구 예장동 8-85,생활방범,37.5576,126.9859
서울특별시 중구청,서울특별시 중구 소공로 36 (회현동2가),서울특별시 중구 회현동2가 27,생활방범,37.5586,126.9831
서울특별시 중구청,서울특별시 중구 퇴계로20길26-1,서울특별시 중구 남산동2가29-6,생활방범,37.5590,126.9859
서울특별시 중구청,서울특별시 중구 남대문로 12 (남대문로4가),서울특별시 중구 남대문로4가 18,생활방범,37.5607,126.9773
서울특별시 중구청,서울특별시 중구 남대문로 42 (충무로1가),서울특별시 중구 충무로1가 53,생활방범,37.5613,126.9803
서울특별시 중구청,서울특별시 중구 소월로 3 (남창동),서울특별시 중구 남창동 51-1,생활방범,37.5597,126.9759
서울특별시 중구청,서울특별시 중구 퇴계로 39-2 (남창동),서울특별시 중구 남창동 47,생활방범,37.5579,126.9771
서울특별시 중구청,서울특별시 중구 남대문시장길 45-4 (남창동),서울특별시 중구 남창동 4-3,생활방범,37.5609,126.9782
서울특별시 중구청,서울특별시 중구 퇴계로 71 (회현동1가),서울특별시 중구 회현동1가 23-1,생활방범,37.5598,126.9800
서울특별시 중구청,서울특별시 중구 남대문시장8길 2 (남창동),서울특별시 중구 남창동 31-1,생활방범,37.5604,126.9786
서울특별시 중구청,서울특별시 중구 퇴계로 37 (남창동),서울특별시 중구 남창동 281,생활방범,37.5584,126.9762
서울특별시 중구청,서울특별시 중구 남대문시장10길 2 (회현동1가),서울특별시 중구 회현동1가 204,생활방범,37.5606,126.9796
서울특별시 중구청,서울특별시 중구 남대문로 42 (충무로1가),서울특별시 중구 충무로1가 52,생활방범,37.5614,126.9808
서울특별시 중구청,서울특별시 중구 남대문시장4길 29 (남창동),서울특별시 중구 남창동 49,생활방범,37.5586,126.9772
서울특별시 중구청,서울특별시 중구 남대문시장4길 28-16 (회현동1가),서울특별시 중구 남창동 51-1,생활방범,37.5589,126.9765
서울특별시 중구청,서울특별시 중구 다산로33가길 17 (신당동),서울특별시 중구 신당동 241-26,생활방범,37.5631,127.0144
서울특별시 중구청,서울특별시 중구 퇴계로 381-1 (신당동),서울특별시 중구 신당동 249-69,생활방범,37.5653,127.0142
서울특별시 중구청,서울특별시 중구 퇴계로73길 43 (신당동),서울특별시 중구 신당동 251-153,생활방범,37.5672,127.0138
서울특별시 중구청,서울특별시 중구 다산로33다길 3 (신당동),서울특별시 중구 신당동 304-93,생활방범,37.5628,127.0132
서울특별시 중구청,서울특별시 중구 다산로33라길 6 (신당동),서울특별시 중구 신당동 304-286,생활방범,37.5634,127.0132
서울특별시 중구청,서울특별시 중구 청구로12길 32 (신당동),서울특별시 중구 신당동 304-370,생활방범,37.5619,127.0132
서울특별시 중구청,서울특별시 중구 청구로22길 22 (신당동),서울특별시 중구 신당동 304-610,생활방범,37.5632,127.0111
서울특별시 중구청,서울특별시 중구 다산로29길 9 (신당동),서울특별시 중구 신당동 304-693,생활방범,37.5609,127.0133
서울특별시 중구청,서울특별시 중구 다산로29길 9,서울특별시 중구 신당동 296-9,생활방범,37.5609,127.0133
서울특별시 중구청,서울특별시 중구 청구로 98 (신당동),서울특별시 중구 신당동 387-45,생활방범,37.5609,127.0118
서울특별시 중구청,서울특별시 중구 퇴계로76길 39 (무학동),서울특별시 중구 무학동 27,생활방범,37.5634,127.0151
서울특별시 중구청,서울특별시 중구 퇴계로 394 (무학동),서울특별시 중구 무학동 43,생활방범,37.5643,127.0154
서울특별시 중구청,서울특별시 중구 다산로48길 13 (흥인동),서울특별시 중구 흥인동 12-20,생활방범,37.5672,127.0169
서울특별시 중구청,서울특별시 중구 다산로 265 (흥인동),서울특별시 중구 흥인동 156,생활방범,37.5667,127.0157
서울특별시 중구청,서울특별시 중구 다산로 269,서울특별시 중구 신당동 254-16,생활방범,37.5672,127.0159
서울특별시 중구청,서울특별시 중구 마장로9길 49-19 (황학동),서울특별시 중구 황학동 163-13,생활방범,37.5702,127.0182
서울특별시 중구청,서울특별시 중구 퇴계로83길 22 (황학동),서울특별시 중구 황학동 371-1,생활방범,37.5667,127.0185
서울특별시 중구청,서울특별시 중구 퇴계로87길 43 (황학동),서울특별시 중구 황학동 551-1,생활방범,37.5675,127.0210
서울특별시 중구청,서울특별시 중구 퇴계로87길 22 (황학동),서울특별시 중구 황학동 669,생활방범,37.5664,127.0211
서울특별시 중구청,서울특별시 중구 퇴계로 439 (황학동),서울특별시 중구 황학동 715,생활방범,37.5661,127.0206
서울특별시 중구청,서울특별시 중구 퇴계로83길 5 (황학동),서울특별시 중구 황학동 740,생활방범,37.5657,127.0186
서울특별시 중구청,서울특별시 중구 마장로 72 (흥인동),서울특별시 중구 흥인동 2-1,생활방범,37.5681,127.0178
서울특별시 중구청,서울특별시 중구 마장로 76 (흥인동),서울특별시 중구 황학동 155,생활방범,37.5682,127.0183
서울특별시 중구청,서울특별시 중구 난계로11길 8 (황학동),서울특별시 중구 황학동 811,생활방범,37.5658,127.0230
서울특별시 중구청,서울특별시 중구 난계로13길 22 (황학동),서울특별시 중구 황학동 973,생활방범,37.5674,127.0223
서울특별시 중구청,서울특별시 중구 마장로 89 (황학동),서울특별시 중구 황학동 1205,생활방범,37.5684,127.0197
서울특별시 중구청,서울특별시 중구 마장로15길 16 (황학동),서울특별시 중구 황학동 1459,생활방범,37.5689,127.0218
서울특별시 중구청,서울특별시 중구 난계로21길 33 (황학동),서울특별시 중구 황학동 1523,생활방범,37.5702,127.0217
서울특별시 중구청,서울특별시 중구 난계로17길 40 (황학동),서울특별시 중구 황학동 1749,생활방범,37.5695,127.0210
서울특별시 중구청,서울특별시 중구 난계로17길 65 (황학동),서울특별시 중구 황학동 2070,생활방범,37.5695,127.0196
서울특별시 중구청,서울특별시 중구 퇴계로 453 (황학동),서울특별시 중구 황학동 2475,생활방범,37.5656,127.0214
서울특별시 중구청,서울특별시 중구 장충단로10길 38 (광희동2가),서울특별시 중구 광희동2가 213-1,생활방범,37.5634,127.0090
서울특별시 중구청,서울특별시 중구 장충단로10길 11 (광희동2가),서울특별시 중구 광희동2가 303-42,생활방범,37.5634,127.0076
서울특별시 중구청,서울특별시 중구 장충단로8길 65 (신당동),서울특별시 중구 신당동 393-3,생활방범,37.5621,127.0103
서울특별시 중구청,서울특별시 중구 퇴계로336-7,서울특별시 중구 광희동2가188,생활방범,37.5640,127.0090
서울특별시 중구청,서울특별시 중구 퇴계로83길40-10,서울특별시 중구 황학동220,생활방범,37.5673,127.0189
서울특별시 중구청,서울특별시 중구 동호로11길 54 (신당동),서울특별시 중구 다산동 353-3,생활방범,37.5531,127.0085
서울특별시 중구청,서울특별시 중구 동호로11길 88-2 (신당동),서울특별시 중구 다산동 353-33,생활방범,37.5516,127.0075
서울특별시 중구청,서울특별시 중구 동호로11나길 7 (신당동),서울특별시 중구 다산동 353-37,생활방범,37.5525,127.0077
서울특별시 중구청,서울특별시 중구 동호로11길 22 (신당동),서울특별시 중구 다산동 361-18,생활방범,37.5541,127.0095
서울특별시 중구청,서울특별시 중구 다산로 141 (신당동),서울특별시 중구 다산동 370-61,생활방범,37.5565,127.0112
서울특별시 중구청,서울특별시 중구 다산로21길 24 (신당동),서울특별시 중구 다산동 377-103,생활방범,37.5582,127.0112
서울특별시 중구청,서울특별시 중구 다산로15길 19 (신당동),서울특별시 중구 다산동 377-127,생활방범,37.5570,127.0107
서울특별시 중구청,서울특별시 중구 청구로17길 40 (신당동),서울특별시 중구 다산동 386-86,생활방범,37.5594,127.0118
서울특별시 중구청,서울특별시 중구 청구로17길 28-29,서울특별시 중구 신당동 386-58,생활방범,37.5598,127.0122
서울특별시 중구청,서울특별시 중구 동호로20길 85 (신당동),서울특별시 중구 다산동 399-33,생활방범,37.5616,127.0097
서울특별시 중구청,서울특별시 중구 청구로17길 20 (신당동),서울특별시 중구 다산동 402-16,생활방범,37.5602,127.0118
서울특별시 중구청,서울특별시 중구 동호로20길 34-29 (신당동),서울특별시 중구 다산동 405-1,생활방범,37.5602,127.0104
서울특별시 중구청,서울특별시 중구 동호로20길 36 (신당동),서울특별시 중구 다산동 405-16,생활방범,37.5595,127.0091
서울특별시 중구청,서울특별시 중구 동호로20길 34-10 (신당동),서울특별시 중구 다산동 406-2,생활방범,37.5591,127.0099
서울특별시 중구청,서울특별시 중구 동호로20다길 26 (신당동),서울특별시 중구 다산동 413-3,생활방범,37.5585,127.0101
서울특별시 중구청,서울특별시 중구 동호로14길 11-7 (신당동),서울특별시 중구 다산동 423-1,생활방범,37.5565,127.0103
서울특별시 중구청,서울특별시 중구 동호로15길 50 (신당동),서울특별시 중구 다산동 432-24,생활방범,37.5543,127.0080
서울특별시 중구청,서울특별시 중구 동호로15길 50 (신당동),서울특별시 중구 다산동 432-24,생활방범,37.5540,127.0083
서울특별시 중구청,서울특별시 중구 동호로15길 103 (신당동),서울특별시 중구 다산동 432-73,생활방범,37.5539,127.0075
서울특별시 중구청,서울특별시 중구 동호로11나길 47 (신당동),서울특별시 중구 다산동 432-462,생활방범,37.5523,127.0057
서울특별시 중구청,서울특별시 중구 동호로11마길 34,서울특별시중구신당동432-921,생활방범,37.5507,127.0058
서울특별시 중구청,서울특별시 중구 동호로11라길 13 (신당동),서울특별시 중구 다산동 432-518,생활방범,37.5522,127.0067
서울특별시 중구청,서울특별시 중구 동호로11마길 20-14 (신당동),서울특별시 중구 다산동 432-521,생활방범,37.5511,127.0059
서울특별시 중구청,서울특별시 중구 다산로 67-5 (신당동),서울특별시 중구 다산동 432-710,생활방범,37.5506,127.0072
서울특별시 중구청,서울특별시 중구 동호로15가길 33-1 (신당동),서울특별시 중구 다산동 432-762,생활방범,37.5548,127.0071
서울특별시 중구청,서울특별시 중구 동호로17길 261 (신당동),서울특별시 중구 다산동 432-1696,생활방범,37.5491,127.0058
서울특별시 중구청,서울특별시 중구 동호로11마길 52 (신당동),서울특별시 중구 다산동 432-1976,생활방범,37.5507,127.0050
서울특별시 중구청,서울특별시 중구 동호로11바길 42-1 (신당동),서울특별시 중구 다산동 432-2013,생활방범,37.5503,127.0055
서울특별시 중구청,서울특별시 중구 동호로17길 123 (신당동),서울특별시 중구 다산동 432-2292,생활방범,37.5538,127.0045
서울특별시 중구청,서울특별시 중구 동호로15길 130-2 (신당동),서울특별시 중구 다산동 432-2824,생활방범,37.5549,127.0080
서울특별시 중구청,서울특별시 중구 동호로17길 65-11 (신당동),서울특별시 중구 다산동 824-8,생활방범,37.5552,127.0067
서울특별시 중구청,서울특별시 중구 동호로8나길 35 (신당동),서울특별시 중구 약수동 309-75,생활방범,37.5523,127.0136
서울특별시 중구청,서울특별시 중구 동호로8가길 43 (신당동),서울특별시 중구 약수동 346-452,생활방범,37.5539,127.0144
서울특별시 중구청,서울특별시 중구 동호로8가길 27,서울특별시 중구 신당동 349-132,생활방범,37.5533,127.0141
서울특별시 중구청,"서울특별시 중구 동호로8라길 8 (신당동, 성광빌라)",서울특별시 중구 약수동 346-489,생활방범,37.5533,127.0146
서울특별시 중구청,서울특별시 중구 동호로8가길 1 (신당동),서울특별시 중구 약수동 349-190,생활방범,37.5536,127.0126
서울특별시 중구청,서울특별시 중구 동호로8나길 15 (신당동),서울특별시 중구 약수동 349-245,생활방범,37.5527,127.0128
서울특별시 중구청,서울특별시 중구 다산로 96 (신당동),서울특별시 중구 약수동 366-106,생활방범,37.5526,127.0092
서울특별시 중구청,서울특별시 중구 동호로7길 26 (신당동),서울특별시 중구 약수동 366-74,생활방범,37.5526,127.0108
서울특별시 중구청,서울특별시 중구 다산로6길 22 (신당동),서울특별시 중구 약수동 366-85,생활방범,37.5522,127.0090
서울특별시 중구청,서울특별시 중구 다산로4길 10 (신당동),서울특별시 중구 약수동 366-142,생활방범,37.5495,127.0079
서울특별시 중구청,서울특별시 중구 다산로10길 10-33 (신당동),서울특별시 중구 약수동 368-75,생활방범,37.5530,127.0102
서울특별시 중구청,서울특별시 중구 동호로 171 (신당동),서울특별시 중구 약수동 372-3,생활방범,37.5533,127.0112
서울특별시 중구청,서울특별시 중구 다산로8길 35-2 (신당동),서울특별시 중구 약수동 372-102,생활방범,37.5525,127.0116
서울특별시 중구청,"서울특별시 중구 다산로 32 (신당동, 남산타운아파트)",서울특별시 중구 약수동 844-9,생활방범,37.5481,127.0109
서울특별시 중구청,서울특별시 중구 청구로3가길 10 (신당동),서울특별시 중구 청구동 330-343,생활방범,37.5584,127.0158
서울특별시 중구청,서울특별시 중구 청구로3길 35-7 (신당동),서울특별시 중구 청구동 330-376,생활방범,37.5584,127.0158
서울특별시 중구청,서울특별시 중구 다산로28가길 12 (신당동),서울특별시 중구 청구동 330-383,생활방범,37.5592,127.0142
서울특별시 중구청,서울특별시 중구 다산로20길 35 (신당동),서울특별시 중구 청구동 333-41,생활방범,37.5567,127.0142
서울특별시 중구청,서울특별시 중구 다산로22길 18 (신당동),서울특별시 중구 청구동 333-111,생활방범,37.5573,127.0134
서울특별시 중구청,서울특별시 중구 다산로24길 58 (신당동),서울특별시 중구 청구동 333-293,생활방범,37.5570,127.0155
서울특별시 중구청,서울특별시 중구 다산로24가길 8 (신당동),서울특별시 중구 청구동 333-294,생활방범,37.5569,127.0158
서울특별시 중구청,서울특별시 중구 매봉18길 109 (신당동),서울특별시 중구 청구동 333-772,생활방범,37.5560,127.0174
서울특별시 중구청,서울특별시 중구 동호로10길 69 (신당동),서울특별시 중구 청구동 340-34,생활방범,37.5567,127.0130
서울특별시 중구청,서울특별시 중구 다산로16길 38 (신당동),서울특별시 중구 청구동 346-402,생활방범,37.5560,127.0138
서울특별시 중구청,서울특별시 중구 동호로10길 39 (신당동),서울특별시 중구 청구동 347-359,생활방범,37.5554,127.0123
서울특별시 중구청,서울특별시 중구 청구로1길 23 (신당동),서울특별시 중구 청구동 843,생활방범,37.5585,127.0167
서울특별시 중구청,서울특별시 중구 동호로11아길 28-7 (신당동),서울특별시 중구 다산동 432-1918,생활방범,37.5512,127.0045
서울특별시 중구청,서울특별시 중구 동호로 10길 8-8,서울특별시 중구 청구동 349-272,생활방범,37.5542,127.0122
서울특별시 중구청,서울특별시 중구 청구로 3길 54,서울특별시 중구 청구동 333-204,생활방범,37.5574,127.0146
서울특별시 중구청,서울특별시 중구 동호로17길123-15,서울특별시 중구 신당동432-1826,생활방범,37.5535,127.0051
서울특별시 중구청,서울특별시 중구 다산로28길10,서울특별시 중구 신당동309-257,생활방범,37.5597,127.0141
서울특별시 중구청,서울특별시 중구 퇴계로88나길 23 (신당동),서울특별시 중구 신당5동 67-32,생활방범,37.5625,127.0206
서울특별시 중구청,서울특별시 중구 퇴계로90길 58 (신당동),서울특별시 중구 신당5동 80-32,생활방범,37.5629,127.0216
서울특별시 중구청,서울특별시 중구 다산로36가길 61 (신당동),서울특별시 중구 신당5동 80-68,생활방범,37.5619,127.0214
서울특별시 중구청,서울특별시 중구 난계로 127-1 (신당동),서울특별시 중구 신당5동 85-110,생활방범,37.5633,127.0239
서울특별시 중구청,서울특별시 중구 다산로42길 17 (신당동),서울특별시 중구 신당5동 111-1,생활방범,37.5649,127.0168
서울특별시 중구청,서울특별시 중구 다산로44길 33 (신당동),서울특별시 중구 신당5동 120-26,생활방범,37.5651,127.0188
서울특별시 중구청,서울특별시 중구 다산로40길 38 (신당동),서울특별시 중구 신당5동 123-1,생활방범,37.5635,127.0183
서울특별시 중구청,서울특별시 중구 다산로42길 55 (신당동),서울특별시 중구 신당5동 132-9,생활방범,37.5642,127.0192
서울특별시 중구청,서울특별시 중구 퇴계로88길 8-2 (신당동),서울특별시 중구 신당5동 140-26,생활방범,37.5651,127.0213
서울특별시 중구청,서울특별시 중구 동호로28길 34 (장충동2가),서울특별시 중구 장충동2가 186-25,쓰레기단속,37.5608,127.0036
서울특별시 중구청,서울특별시 중구 장충단로8가길 26 (광희동2가),서울특별시 중구 광희동2가 303-24,쓰레기단속,37.5634,127.0078
서울특별시 중구청,서울특별시 중구 퇴계로41길 40 (인현동2가),서울특별시 중구 인현동2가 181-70,쓰레기단속,37.5637,126.9961
서울특별시 중구청,서울특별시 중구 다산로42길 55 (신당5동),서울특별시 중구 신당5동 132-9,쓰레기단속,37.5642,127.0192
서울특별시 중구청,서울특별시 중구 창경궁로1길 37 (충무로4가),서울특별시 중구 충무로4가 109-1,쓰레기단속,37.5624,126.9964
서울특별시 중구청,서울특별시 중구 을지로39길 40 (을지로6가),서울특별시 중구 을지로6가 18-14,쓰레기단속,37.5683,127.0060
서울특별시 중구청,서울특별시 중구 다산로 236-1,서울특별시중구신당동101-8,교통단속,37.5640,127.0160
서울특별시 중구청,서울특별시 중구 퇴계로 345,서울특별시 중구 을지로7가 15,교통단속,37.5647,127.0099
서울특별시 중구청,서울특별시 중구 퇴계로 386 (신당동),서울특별시 중구 신당동 247-16,교통단속,37.5651,127.0147
서울특별시 중구청,서울특별시 중구 을지로 6 (을지로1가),서울특별시 중구 소공동 91-8,교통단속,37.5652,126.9788
서울특별시 중구청,서울특별시 중구 다산로 183 (신당동),서울특별시 중구 신당동 309-35,교통단속,37.5596,127.0132
서울특별시 중구청,서울특별시 중구 청파로 447 (중림동),서울특별시 중구 중림동 149-21,교통단속,37.5594,126.9688
서울특별시 중구청,서울특별시 중구 서소문로 115 (서소문동),서울특별시 중구 서소문동 47-2,교통단속,37.5631,126.9738
서울특별시 중구청,서울특별시 중구 난계로 187 (황학동),서울특별시 중구 황학동 1103,교통단속,37.5682,127.0234
서울특별시 중구청,서울특별시 중구 을지로9길 34,서울특별시중구수표동56-17,교통단속,37.5687,127.0023
서울특별시 중구청,서울특별시 중구 충무로 22 (인현동1가),서울특별시 중구 인현동1가 142-1,교통단속,37.5631,126.9931
서울특별시 중구청,서울특별시 중구 을지로 282 (을지로7가),서울특별시 중구 을지로7가 57,교통단속,37.5655,127.0092
서울특별시 중구청,서울특별시 중구 을지로 189 (을지로4가),서울특별시 중구 을지로4가 122-2,교통단속,37.5668,126.9990
서울특별시 중구청,서울특별시 중구 동호로 351 (을지로5가),서울특별시 중구 을지로5가 274-5,교통단속,37.5658,127.0022
서울특별시 중구청,서울특별시 중구 동호로 372 (방산동),서울특별시 중구 방산동 130-3,교통단속,37.5676,127.0024
서울특별시 중구청,서울특별시 중구 동호로35길 26 (을지로5가),서울특별시 중구 을지로5가 270-10,교통단속,37.5667,127.0010
서울특별시 중구청,서울특별시 중구 퇴계로 120 (남산동1가),서울특별시 중구 남산동1가 1-2,교통단속,37.5607,126.9850
서울특별시 중구청,서울특별시 중구 을지로 251 (을지로6가),서울특별시 중구 을지로6가18-131,교통단속,37.5664,127.0064
서울특별시 중구청,서울특별시 중구 다산로44길 53,서울특별시 중구 신당5동 140-34,생활방범,37.5651,127.0197
서울특별시 중구청,서울특별시 중구 퇴계로90길 18 (신당동),서울특별시 중구 신당5동 151-16,생활방범,37.5644,127.0221
서울특별시 중구청,서울특별시 중구 다산로42길 79 (신당동),서울특별시 중구 신당5동 154-28,생활방범,37.5638,127.0204
서울특별시 중구청,서울특별시 중구 퇴계로90길 36 (신당동),서울특별시 중구 신당5동 154-47,생활방범,37.5636,127.0218
서울특별시 중구청,서울특별시 중구 퇴계로88가길 9 (신당동),서울특별시 중구 신당5동 155-17,생활방범,37.5634,127.0207
서울특별시 중구청,서울특별시 중구 퇴계로88가길 48 (신당동),서울특별시 중구 신당5동 165-10,생활방범,37.5630,127.0229
서울특별시 중구청,서울특별시 중구 퇴계로88가길 48-21 (신당동),서울특별시 중구 신당5동 166-11,생활방범,37.5621,127.0230
서울특별시 중구청,서울특별시 중구 다산로44길 119 (신당동),서울특별시 중구 신당5동 170-4,생활방범,37.5645,127.0238
서울특별시 중구청,서울특별시 중구 왕십리로39길 19 (신당동),서울특별시 중구 신당5동 653,생활방범,37.5641,127.0258
서울특별시 중구청,서울특별시 중구 왕십리로37길 18 (신당동,서울특별시 중구 신당5동 713,생활방범,37.5641,127.0265
서울특별시 중구청,서울특별시 중구 다산로36가길 13 (신당동),서울특별시 중구 동화동 52-7,생활방범,37.5616,127.0187
서울특별시 중구청,서울특별시 중구 다산로40길 56 (신당동),서울특별시 중구 동화동 52-13,생활방범,37.5632,127.0192
서울특별시 중구청,서울특별시 중구 다산로38길 51 (신당동),서울특별시 중구 동화동 52-232,생활방범,37.5625,127.0183
서울특별시 중구청,서울특별시 중구 다산로36가길 26-14 (신당동),서울특별시 중구 동화동 57-587,생활방범,37.5607,127.0208
서울특별시 중구청,서울특별시 중구 다산로36가길 26 (신당동),서울특별시 중구 동화동 62-86,생활방범,37.5613,127.0200
서울특별시 중구청,서울특별시 중구 다산로38길 21 (신당동),서울특별시 중구 동화동 276-5,생활방범,37.5630,127.0168
서울특별시 중구청,서울특별시 중구 다산로42나길 49 (신당동),서울특별시 중구 동화동 280-3,생활방범,37.5623,127.0175
서울특별시 중구청,서울특별시 중구 다산로36길 30 (신당동),서울특별시 중구 동화동 282-5,생활방범,37.5621,127.0168
서울특별시 중구청,서울특별시 중구 다산로32길 14 (신당동),서울특별시 중구 동화동 288-5,생활방범,37.5611,127.0150
서울특별시 중구청,서울특별시 중구 청구로4길 39 (신당동),서울특별시 중구 동화동 290-50,생활방범,37.5617,127.0159
서울특별시 중구청,서울특별시 중구 다산로32길 29 (신당동),서울특별시 중구 동화동 290-131,생활방범,37.5607,127.0160
서울특별시 중구청,서울특별시 중구 다산로36길 11 (신당동),서울특별시 중구 동화동 291-48,생활방범,37.5628,127.0160
서울특별시 중구청,서울특별시 중구 퇴계로86길 96,서울특별시 중구 동화동 49-26,생활방범,37.5623,127.0181
서울특별시 중구청,서울특별시 중구 왕십리로 39길 15,서울특별시 중구 신당5동 612,생활방범,37.5641,127.0259
서울특별시 중구청,서울특별시 중구 난계로10길 12,서울특별시 중구 신당5동 85-781,생활방범,37.5621,127.0221
서울특별시 중구청,서울특별시 중구 퇴계로 428-3,서울특별시 중구 신당5동 130-28,생활방범,37.5654,127.0193
서울특별시 중구청,서울특별시 중구 퇴계로 88가길 52,서울특별시 중구 신당5동 166-34,생활방범,37.5626,127.0229
서울특별시 중구청,서울특별시 중구 퇴계로88길23,서울특별시 중구 신당동152-17,생활방범,37.5644,127.0209
서울특별시 중구청,서울특별시 중구 퇴계로86길19,서울특별시 중구 신당동143-23,생활방범,37.5646,127.0196
서울특별시 중구청,서울특별시 중구 장충단로8길 14 (장충동1가),서울특별시 중구 장충동1가 34-6,생활방범,37.5618,127.0072
서울특별시 중구청,서울특별시중구장충단로8길1,서울특별시 중구 장충동1가 37-14,생활방범,37.5621,127.0078
서울특별시 중구청,서울특별시 중구 장충단로6가길 21-7 (장충동1가),서울특별시 중구 장충동1가 35-43,생활방범,37.5613,127.0085
서울특별시 중구청,서울특별시 중구 장충단로6길 10 (장충동1가),서울특별시 중구 장충동1가 48-22,생활방범,37.5614,127.0070
서울특별시 중구청,서울특별시 중구 장충단로6가길 32 (장충동1가),서울특별시 중구 장충동1가 49-8,생활방범,37.5608,127.0085
서울특별시 중구청,서울특별시 중구 장충단로4길 50 (장충동1가),서울특별시 중구 장충동1가 50-30,생활방범,37.5605,127.0082
서울특별시 중구청,"서울특별시 중구 동호로20나길 30 (장충동1가, 상지리츠빌 장충동 카일룸)",서울특별시 중구 장충동1가 52-37,생활방범,37.5603,127.0072
서울특별시 중구청,서울특별시 중구 동호로30길 25 (장충동2가),서울특별시 중구 장충동2가 50-6,생활방범,37.5611,127.0043
서울특별시 중구청,서울특별시 중구 을지로 127 (을지로3가),서울특별시 중구 을지로3가 118-6,쓰레기단속,37.5666,126.9920
서울특별시 중구청,서울특별시 중구 을지로27가길 10 (주교동),서울특별시 중구 주교동 273-5,쓰레기단속,37.5678,126.9997
서울특별시 중구청,서울특별시 중구 마른내로4길 11,서울특별시 중구 인현동1가 114-2,쓰레기단속,37.5639,126.9939
서울특별시 중구청,서울특별시 중구 다산로31길 16 (신당동),서울특별시 중구 신당동 304-362,쓰레기단속,37.5617,127.0135
서울특별시 중구청,서울특별시 중구 다산로39길 46,서울특별시 중구 신당동 248-34,쓰레기단속,37.5647,127.0132
서울특별시 중구청,서울특별시 중구 퇴계로73가길 26 (신당동),서울특별시 중구 신당동 251-91,쓰레기단속,37.5661,127.0134
서울특별시 중구청,서울특별시 중구 청구로8길 22 (신당동),서울특별시 중구 신당동 304-720,쓰레기단속,37.5616,127.0139
서울특별시 중구청,서울특별시 중구 다산로35길 25-31,서울특별시 중구 신당동 241-25,쓰레기단속,37.5632,127.0142
서울특별시 중구청,서울특별시 중구 다산로29길 45 (신당동),서울특별시 중구 신당동 305-26,쓰레기단속,37.5618,127.0117
서울특별시 중구청,서울특별시 중구 동호로11다길 18 (신당동),서울특별시 중구 다산동 353-47,쓰레기단속,37.5518,127.0071
서울특별시 중구청,서울특별시 중구 동호로11마길 20-4 (신당동),서울특별시 중구 다산동 432-503,쓰레기단속,37.5514,127.0062
서울특별시 중구청,서울특별시 중구 동호로14길 42 (신당동),서울특별시 중구 다산동 417-10,쓰레기단속,37.5571,127.0103
서울특별시 중구청,서울특별시 중구 동호로11길 98 (신당동),서울특별시 중구 다산동 353-26,쓰레기단속,37.5513,127.0071
서울특별시 중구청,서울특별시 중구 동호로15가길 14 (신당동),서울특별시 중구 다산동 429-17,쓰레기단속,37.5555,127.0080
서울특별시 중구청,서울특별시 중구 동호로12길 29 (신당동),서울특별시 중구 신당동 381-27,쓰레기단속,37.5566,127.0111
서울특별시 중구청,서울특별시 중구 다산로8길 16-14 (신당동),서울특별시 중구 약수동 366-72,쓰레기단속,37.5522,127.0102
서울특별시 중구청,서울특별시 중구 동호로8나길 69 (약수동),서울특별시 중구 약수동 309-216,쓰레기단속,37.5526,127.0144
서울특별시 중구청,"서울특별시 중구 청구로1길 39 (신당동, 청구아파트)",서울특별시 중구 청구동 841,쓰레기단속,37.5578,127.0161
서울특별시 중구청,서울특별시 중구 청구로3길 80 (신당동),서울특별시 중구 청구동 340-15,쓰레기단속,37.5577,127.0148
서울특별시 중구청,서울특별시 중구 다산로44길 22-3,서울특별시 중구 신당동 121-19,쓰레기단속,37.5648,127.0182
서울특별시 중구청,서울특별시 중구 퇴계로88나길 23 (신당동),서울특별시 중구 신당동 67-32,쓰레기단속,37.5625,127.0206
서울특별시 중구청,서울특별시 중구 퇴계로90길 42 (신당동),서울특별시 중구 신당5동 155-10,쓰레기단속,37.5633,127.0218
서울특별시 중구청,서울특별시 중구 퇴계로88가길 48-11(신당5동),서울특별시 중구 신당5동 166-5,쓰레기단속,37.5629,127.0230
서울특별시 중구청,서울특별시 중구 퇴계로88다길 26 (신당동),서울특별시 중구 동화동 52-80,쓰레기단속,37.5624,127.0200
서울특별시 중구청,서울특별시 중구 다산로38길 60 (신당동),서울특별시 중구 동화동 52-33,쓰레기단속,37.5621,127.0189
서울특별시 중구청,서울특별시 중구 마장로 11,서울특별시 중구 신당동 775,교통단속,37.5683,127.0112
서울특별시 중구청,서울특별시 중구 마장로1길 21 (신당동),서울특별시 중구 중구 신당1동 777,교통단속,37.5685,127.0122
서울특별시 중구청,서울특별시 중구 다산로 289 (신당동),서울특별시 중구 신당동 193-29,교통단속,37.5681,127.0149
서울특별시 중구청,서울특별시 중구 마장로 34 (신당동),서울특별시 중구 신당동 204-1,교통단속,37.5679,127.0136
서울특별시 중구청,서울특별시 중구 소공로 46 (회현동2가),서울특별시 중구 회현동2가 18-3,교통단속,37.5591,126.9837
서울특별시 중구청,서울특별시 중구 을지로7길,,교통단속,37.5668,126.9858
서울특별시 중구청,서울특별시 중구 소공로63,서울특별시 중구 충무로1가,교통단속,37.5606,126.9800
서울특별시 중구청,서울특별시 중구 난계로 209-1,서울특별시 중구 황학동 2154,교통단속,37.5705,127.0233
서울특별시 중구청,서울특별시 중구 퇴계로50길 13 (장충동2가),서울특별시 중구 장충동2가 173-7,교통단속,37.5617,127.0011
서울특별시 중구청,서울특별시 중구 을지로 66 (을지로2가),서울특별시 중구 을지로2가 181-3,교통단속,37.5652,126.9845
서울특별시 중구청,서울특별시 중구 청구로 86,서울특별시 중구 신당동 304-411,교통단속,37.5606,127.0129
서울특별시 중구청,서울특별시 중구 퇴계로173,서울특별시 중구 충무로3가60-1,교통단속,37.5620,126.9905
서울특별시 중구청,서울특별시 중구 명동길 53 (명동),서울특별시 중구 명동1가 5-4,교통단속,37.5639,126.9852
서울특별시 중구청,서울특별시 중구 을지로39길 40 (을지로6가),서울특별시 중구 을지로6가 18-14,교통단속,37.5684,127.0054
서울특별시 중구청,서울특별시 중구 청파로 464 (중림동),서울특별시 중구 중림동 355,교통단속,37.5610,126.9684
서울특별시 중구청,서울특별시 중구 난계로17길 65 (황학동),서울특별시 중구 황학동 1835,교통단속,37.5697,127.0196
서울특별시 중구청,서울특별시 중구 소공로 106 (소공동),서울특별시 중구 소공동 87-1,교통단속,37.5641,126.9807
서울특별시 중구청,서울특별시 중구 을지로35길 25 (주교동),서울특별시 중구 주교동 315-4,교통단속,37.5679,127.0010
서울특별시 중구청,서울특별시 중구 청계천로 370 (황학동),서울특별시 중구 황학동 2545-2,교통단속,37.5708,127.0190
서울특별시 중구청,서울특별시 중구 다산로48길 27,서울특별시중구흥인동10,교통단속,37.5672,127.0179
서울특별시 중구청,서울특별시 중구 다산로 289 (흥인동),서울특별시 중구 중구 흥인동 159-4,교통단속,37.5689,127.0158
서울특별시 중구청,서울특별시중구 다산로 261,서울특별시 중구 흥인동 106,교통단속,37.5664,127.0160
서울특별시 중구청,서울특별시 중구 퇴계로75길 15 (흥인동),서울특별시 중구 흥인동 117-7,교통단속,37.5662,127.0157
서울특별시 중구청,서울특별시 중구 퇴계로83길10-4,서울특별시 중구 황학동 737,교통단속,37.5661,127.0186
서울특별시 중구청,서울특별시 중구 을지로 238 (을지로6가),서울특별시 중구 을지로6가 58-5,교통단속,37.5665,127.0046
서울특별시 중구청,서울특별시 중구 통일로4길 16,서울특별시중구순화동1-5,교통단속,37.5641,126.9687
서울특별시 중구청,서울특별시 중구 동호로 229,서울특별시 중구 장충동2가 200-71,교통단속,37.5580,127.0082
서울특별시 중구청,서울특별시 중구 칠패로 27 (순화동),서울특별시 중구 순화동 151-7,교통단속,37.5603,126.9723
서울특별시 중구청,서울특별시 중구 다산로155,서울특별시 중구 신당동 370-52,교통단속,37.5575,127.0120
서울특별시 중구청,서울특별시 중구 남대문로 81 (을지로1가),서울특별시 중구 을지로1가 178-4,교통단속,37.5659,126.9810
서울특별시 중구청,서울특별시 중구 소공로 29(회현소방서 건너),서울특별시 중구 회현동2가 89-2,교통단속,37.5581,126.9829
서울특별시 중구청,서울특별시 중구 청구로 65-1(청구E편한세상아파트 앞),서울특별시 중구 동화동 852,교통단속,37.5597,127.0149
서울특별시 중구청,서울특별시 중구 삼일대로 80(성모교차로),서울특별시 중구 명동2가 1-19,교통단속,37.5643,126.9876
서울특별시 중구청,서울특별시 중구 퇴계로 72(회현동 SK 리더스뷰),서울특별시 중구 회현동1가 206,교통단속,37.5590,126.9812
서울특별시 중구청,서울특별시 중구 충무로 9길 11 앞(을지로동 주민센터 옆),서울특별시 중구 을지로3가 65-22,교통단속,37.5668,126.9920
서울특별시 중구청,서울특별시 중구 퇴계로 22길 17(남산초교 정문 주변),서울특별시 중구 남산동2가 2,교통단속,37.5604,126.9865
서울특별시 중구청,서울특별시 중구 장충단로 13길 20(동대문 케레스타),서울특별시 중구 을지로6가 17-2,교통단속,37.5692,127.0072
서울특별시 중구청,서울특별시 중구 퇴계로54길 39 (장충동2가),서울특별시 중구 장충동2가 112-33,생활방범,37.5617,127.0047
서울특별시 중구청,서울특별시 중구 퇴계로54길 32,서울특별시 중구 장충동2가 137-1,생활방범,37.5622,127.0046
서울특별시 중구청,서울특별시 중구 퇴계로52길 37,서울특별시 중구 장충동2가 158-4,생활방범,37.5616,127.0042
서울특별시 중구청,서울특별시 중구 동호로 303 (장충동2가),서울특별시 중구 장충동2가 174,생활방범,37.5615,127.0023
서울특별시 중구청,서울특별시 중구 동호로 315 (장충동2가),서울특별시 중구 장충동2가 173-1,생활방범,37.5624,127.0024
서울특별시 중구청,서울특별시 중구 동호로28길 33 (장충동2가),서울특별시 중구 장충동2가 186-239,생활방범,37.5607,127.0037
서울특별시 중구청,서울특별시 중구 동호로24길 27 (장충동2가),서울특별시 중구 장충동2가 187-22,생활방범,37.5605,127.0054
서울특별시 중구청,서울특별시 중구 동호로25길 23-5 (장충동2가),서울특별시 중구 장충동2가 193-78,생활방범,37.5586,127.0015
서울특별시 중구청,서울특별시 중구 동호로25가길 34 (장충동2가),서울특별시 중구 장충동2가 193-138,생활방범,37.5588,127.0009
서울특별시 중구청,서울특별시 중구 동호로25길 49 (장충동2가),서울특별시 중구 장충동2가 193-170,생활방범,37.5596,127.0008
서울특별시 중구청,서울특별시 중구 동호로25가길 50 (장충동2가),서울특별시 중구 장충동2가 193-176,생활방범,37.5591,127.0004
서울특별시 중구청,서울특별시 중구 동호로25길 27 (장충동2가),서울특별시 중구 장충동2가 193-116,생활방범,37.5590,127.0014
서울특별시 중구청,서울특별시 중구 퇴계로50길 33-14 (묵정동),서울특별시 중구 묵정동 25-1,생활방범,37.5610,127.0018
서울특별시 중구청,서울특별시 중구 퇴계로50길 43-5 (묵정동),서울특별시 중구 묵정동 25-16,생활방범,37.5607,127.0013
서울특별시 중구청,서울특별시 중구 퇴계로46길 15-5 (묵정동),서울특별시 중구 묵정동 30-10,생활방범,37.5616,127.0002
서울특별시 중구청,서울특별시 중구 퇴계로52길 17 (쌍림동),서울특별시 중구 쌍림동 151-93,생활방범,37.5624,127.0039
서울특별시 중구청,서울특별시 중구 퇴계로56길 12 (쌍림동),서울특별시 중구 쌍림동 235-2,생활방범,37.5633,127.0057
서울특별시 중구청,서울특별시 중구 장충단로7길 10 (쌍림동),서울특별시 중구 쌍림동 243-5,생활방범,37.5623,127.0060
서울특별시 중구청,서울특별시 중구 동호로25길 38-5,서울특별시 중구 장충동2가 191,생활방범,37.5599,127.0022
서울특별시 중구청,서울특별시 중구 장충단로8나길25,서울특별시 중구 장충동1가38-3,생활방범,37.5628,127.0095
서울특별시 중구청,서울특별시 중구 수표로 32 (저동2가),서울특별시 중구 저동2가 47-22,생활방범,37.5639,126.9902
서울특별시 중구청,서울특별시 중구 을지로11길 23 (수표동),서울특별시 중구 수표동 27-2,생활방범,37.5672,126.9908
서울특별시 중구청,서울특별시 중구 을지로11길 28,서울특별시 중구 입정동 263-4,생활방범,37.5676,126.9909
서울특별시 중구청,서울특별시 중구 청계천로 108 (수표동),서울특별시 중구 수표동 47-1,생활방범,37.5679,126.9895
서울특별시 중구청,서울특별시 중구 을지로33길 14,서울특별시 중구 주교동 253-2,생활방범,37.5672,126.9999
서울특별시 중구청,서울특별시 중구 을지로15길 21 (입정동),서울특별시 중구 입정동 105,생활방범,37.5675,126.9935
서울특별시 중구청,서울특별시 중구 창경궁로5길 28 (산림동),서울특별시 중구 산림동 51,생활방범,37.5670,126.9965
서울특별시 중구청,서울특별시 중구 창경궁로5가길 39 (산림동),서울특별시 중구 산림동 82-3,생활방범,37.5680,126.9965
서울특별시 중구청,서울특별시 중구 을지로19길 9 (산림동),서울특별시 중구 산림동 278,생활방범,37.5671,126.9952
서울특별시 중구청,서울특별시 중구 을지로14길 8 (을지로3가),서울특별시 중구 을지로3가 315-6,생활방범,37.5658,126.9920
서울특별시 중구청,서울특별시 중구 을지로27가길 18,서울특별시 중구 주교동 269,생활방범,37.5678,127.0002
서울특별시 중구청,서울특별시 중구 충무로2길 39-1 (충무로4가),서울특별시 중구 충무로4가 28-4,생활방범,37.5623,126.9953
서울특별시 중구청,서울특별시 중구 다산로36다길14,서울특별시 중구 신당동 54-14,생활방범,37.5603,127.0199
서울특별시 중구청,서울특별시 중구 을지로18길 21 (인현동1가),서울특별시 중구 인현동1가 39-1,생활방범,37.5655,126.9945
서울특별시 중구청,서울특별시 중구 을지로16길 5-25 (을지로3가),서울특별시 중구 인현동1가 46,생활방범,37.5657,126.9942
서울특별시 중구청,서울특별시 중구 마른내로4길 3 (인현동1가),서울특별시 중구 인현동1가 113,생활방범,37.5639,126.9939
서울특별시 중구청,서울특별시 중구 을지로40길 24,서울특별시 중구 광희동1가 49,생활방범,37.5656,127.0043
서울특별시 중구청,서울특별시 중구 세종대로11길 26 앞(삼성본관빌딩 주변),서울특별시 중구 서소문동 120-35,교통단속,37.5622,126.9748
서울특별시 중구청,서울특별시 중구 필동로 6-1(행복예식장 주차장길),서울특별시 중구 필동2가 20-3,교통단속,37.5608,126.9960
서울특별시 중구청,서울특별시 중구 동호로 7길 26(약수시장 주변),서울특별시 중구 약수동 366-74,교통단속,37.5527,127.0107
서울특별시 중구청,서울특별시 중구 을지로5길19,서울특별시 중구 명동66-4,교통단속,37.5667,126.9843
서울특별시 중구청,서울특별시 중구 동호로 191,서울특별시 중구 다산동 417-6,교통단속,37.5551,127.0102
서울특별시 중구청,서울특별시 중구 동호로 218,서울특별시 중구 다산동 361-4,교통단속,37.5573,127.0092
서울특별시 중구청,서울특별시 중구 청파로 456,서울특별시 중구 중림동 355,교통단속,37.5603,126.9683
서울특별시 중구청,서울특별시 중구 다산로 36길 4,서울특별시 중구 동화동 282-6,교통단속,37.5617,127.0173
서울특별시 중구청,서울특별시 중구 동호로10길30,서울특별시 중구 신당동 842,교통단속,37.5547,127.0120
서울특별시 중구청,서울특별시 중구 청구로8길 41,서울특별시 중구 신당동 304-720,교통단속,37.5622,127.0143
서울특별시 중구청,서울특별시 중구 소공로7길2,서울특별시 중구 회현동2가 88-3,교통단속,37.5590,126.9825
서울특별시 중구청,서울특별시 중구 소공로 51,서울특별시 중구 회현동1가,교통단속,37.5598,126.9822
서울특별시 중구청,서울특별시 중구 마른내로 47-1,서울특별시 중구 초동 25-3,교통단속,37.5644,126.9929
서울특별시 중구청,서울특별시 중구 남대문로1길42,서울특별시 중구 북창동 18-9,교통단속,37.5630,126.9773
서울특별시 중구청,서울특별시 중구 장충단로275,서울특별시 중구 을지로6가18-12,교통단속,37.5692,127.0084
서울특별시 중구청,서울특별시 중구 장충단로275,서울특별시 중구 을지로6가18-12,교통단속,37.5686,127.0093
서울특별시 중구청,서울특별시 중구 창경궁로 8,서울특별시중구예관동70-41,교통단속,37.5630,126.9985
서울특별시 중구청,서울특별시중구퇴계로72,서울특별시 중구 회현동1가 190,교통단속,37.5593,126.9798
서울특별시 중구청,서울특별시 중구 서애로 12,서울특별시 중구 충무로5가 85-4,교통단속,37.5612,126.9981
서울특별시 중구청,서울특별시 중구 퇴계로 244,서울특별시 중구 충무로5가 52-25,교통단속,37.5623,126.9992
서울특별시 중구청,서울특별시중구을지로45길46,서울특별시 중구 신당동 251-160,교통단속,37.5667,127.0126
서울특별시 중구청,서울특별시 중구 마른내로28,서울특별시 중구 초동 72-10,교통단속,37.5646,126.9915
서울특별시 중구청,서울특별시중구퇴계로453,서울특별시 중구 황학동 2475,교통단속,37.5656,127.0220
서울특별시 중구청,서울특별시 중구 다산로44길 53,서울특별시 중구 신당5동 140-34,교통단속,37.5651,127.0197
서울특별시 중구청,서울특별시 중구 세종대로19길 24,서울특별시 중구 정동 4,교통단속,37.5666,126.9764
서울특별시 중구청,서울특별시 중구 청구로17길 40,서울특별시 중구 다산동 386-86,교통단속,37.5594,127.0118
서울특별시 중구청,,서울특별시 중구 순화동 217-6,교통단속,37.5632,126.9712
서울특별시 중구청,서울특별시 중구 마장로 104-1,서울특별시 중구 황학동 1387,교통단속,37.5681,127.0213
서울특별시 중구청,서울특별시 중구 마장로 89 (황학동),서울특별시 중구 황학동 1205,교통단속,37.5684,127.0197
서울특별시 중구청,서울특별시 중구 마장로 72 (흥인동),서울특별시 중구 흥인동 2-1,교통단속,37.5681,127.0178
서울특별시 중구청,서울특별시 중구 퇴계로6길 14,서울특별시 중구 남창동 186,교통단속,37.5576,126.9785
서울특별시 중구청,서울특별시 중구 퇴계로4길 50,서울특별시 중구 회현동1가 82-19,교통단속,37.5576,126.9801
서울특별시 중구청,서울특별시 중구 퇴계로12길 41,서울특별시 중구 회현동1가 55-3,교통단속,37.5578,126.9814
서울특별시 중구청,서울특별시 중구 청구로1길 23,서울특별시 중구 신당동 843,교통단속,37.5585,127.0167
서울특별시 중구청,서울특별시 중구 남대문로 10길 19,서울특별시 중구 삼각동 108,교통단속,37.5673,126.9838
서울특별시 중구청,서울특별시 중구 동호로20길 85 (신당동),서울특별시 중구 다산동 399-33,교통단속,37.5616,127.0097
서울특별시 중구청,서울특별시 중구 퇴계로90길 36 (신당동),서울특별시 중구 신당5동 154-47,교통단속,37.5636,127.0218
서울특별시 중구청,서울특별시 중구 다산로 32길 33,서울특별시 중구 신당동 290-87,교통단속,37.5610,127.0156
서울특별시 중구청,서울특별시 중구 다산로21길11,서울특별시 중구 신당동379-10,교통단속,37.5579,127.0116
서울특별시 중구청,서울특별시 중구 마른내로6길 29 (인현동2가),서울특별시 중구 인현동2가 189-10,생활방범,37.5629,126.9952
서울특별시 중구청,서울특별시 중구 을지로12길16,서울특별시 중구 을지로3가322-7,생활방범,37.5655,126.9910
서울특별시 중구청,서울특별시 중구 수표로48-11,서울특별시 중구 을지로3가322-5,생활방범,37.5656,126.9905
서울특별시 중구청,서울특별시중구퇴계로62길3-9,서울특별시 중구 광희동2가 271-2,생활방범,37.5639,127.0080
서울특별시 중구청,서울특별시 중구 마른내로10길 16,서울특별시 중구 인현동2가 172-2,생활방범,37.5636,126.9972
서울특별시 중구청,서울특별시 중구 퇴계로49길 6,서울특별시 중구 충무로5가 8-16,생활방범,37.5631,127.0005
서울특별시 중구청,서울특별시 중구 퇴계로45길 27,서울특별시 중구 예관동 70-21,생활방범,37.5640,126.9990
서울특별시 중구청,서울특별시 중구 퇴계로 63길 6-13,서울특별시 중구 을지로7가 39,생활방범,37.5649,127.0094
서울특별시 중구청,서울특별시 중구 마른내로 159-17,서울특별시 중구 광희동1가 118,생활방범,37.5615,127.0123
서울특별시 중구청,서울특별시 중구 을지로44길10,서울특별시 중구 광희동1가 142,생활방범,37.5521,127.0055
서울특별시 중구청,서울특별시 중구 창경궁로20,서울특별시 중구 예관동 70-2,생활방범,37.5643,126.9984
서울특별시 중구청,서울특별시 중구 퇴계로66길17-10,서울특별시 중구 광희동2가 137-1,생활방범,37.5636,127.0096
서울특별시 중구청,서울특별시 중구 퇴계로 334,서울특별시 중구 광희동2가 238-1,생활방범,37.5642,127.0084
서울특별시 중구청,서울특별시 중구 퇴계로 340-1,서울특별시 중구 광희동2가 179,생활방범,37.5644,127.0094
서울특별시 중구청,서울특별시 중구 동호로 194,서울특별시중구신당동374-17,생활방범,37.5554,127.0104
서울특별시 중구청,서울특별시 중구 동호로 11나길 64,서울특별시 중구 신당동 432-424,생활방범,37.5524,127.0048
서울특별시 중구청,서울특별시 중구 동호로 12길 111,서울특별시 중구 신당동 386-23,생활방범,37.5599,127.0125
서울특별시 중구청,서울특별시 중구 동호로 18길 22,서울특별시중구신당동415-13,생활방범,37.5579,127.0095
서울특별시 중구청,서울특별시 중구 다산로 11길 13,서울특별시 중구 신당동 361-13,생활방범,37.5547,127.0095
서울특별시 중구청,서울특별시 중구 동호로 17길 105,서울특별시 중구 신당동 432-376,생활방범,37.5544,127.0050
서울특별시 중구청,서울특별시 중구 동호로17길 261,서울특별시 중구 신당동 432-1695,생활방범,37.5492,127.0060
서울특별시 중구청,서울특별시 중구 동호로17길 267-14,서울특별시 중구 신당동 432-1620,생활방범,37.5498,127.0059
서울특별시 중구청,서울특별시중구 동호로11바길 35-2,서울특별시 중구 신당동 432-1014,생활방범,37.5501,127.0058
서울특별시 중구청,서울특별시 중구 다산로5길 12,서울특별시 중구 신당동 432-724,생활방범,37.5498,127.0068
서울특별시 중구청,서울특별시 중구 다산로5길 12,서울특별시 중구 신당동 432-724,생활방범,37.5497,127.0066
서울특별시 중구청,서울특별시 중구 동호로11길 108-2,서울특별시 중구 신당동 432-1084,생활방범,37.5509,127.0071
서울특별시 중구청,서울특별시 중구 다산로 165-9,서울특별시 중구 신당동 338-9,생활방범,37.5590,127.0123
서울특별시 중구청,서울특별시 중구 동호로 11가길 36,서울특별시 중구 신당동 432-132,생활방범,37.5528,127.0079
서울특별시 중구청,서울특별시 중구 동호로11길 22,서울특별시 중구 신당동 361-18,생활방범,37.5544,127.0099
서울특별시 중구청,서울특별시 중구 동호로 11마길 11,서울특별시 중구 당동 432-665,생활방범,37.5515,127.0065
서울특별시 중구청,서울특별시 중구 동호로 14길 5-10,서울특별시 중구 신당동 423-9,생활방범,37.5565,127.0099
서울특별시 중구청,서울특별시 중구 동호로 15길 35,서울특별시 중구 신당동 431-10,생활방범,37.5551,127.0086
서울특별시 중구청,서울특별시 중구 동호로17길 65,서울특별시 중구 신당동 823-12,생활방범,37.5556,127.0066
서울특별시 중구청,서울특별시 중구 동호로17가길 23,서울특별시 중구 신당동 432-177,생활방범,37.5553,127.0078
서울특별시 중구청,서울특별시 중구 동호로11라길 33,서울특별시 중구 신당동 432-1937,생활방범,37.5519,127.0050
서울특별시 중구청,서울특별시 중구 동호로11라길 41,서울특별시 중구 신당동 432-1928,생활방범,37.5516,127.0046
서울특별시 중구청,서울특별시 중구 중구 동호로11나길53,서울특별시 중구 신당동 432-457,생활방범,37.5525,127.0053
서울특별시 중구청,서울특별시 중구 동호로11바길 13,서울특별시 중구 신당동 432-980,생활방범,37.5509,127.0064
서울특별시 중구청,서울특별시 중구 다산로40길 38 (신당동),서울특별시 중구 신당5동 123-1,교통단속,37.5635,127.0183
서울특별시 중구청,서울특별시 중구 손기정로 101 (만리동2가),서울특별시 중구 만리동2가 6-1,교통단속,37.5549,126.9647
서울특별시 중구청,서울특별시 중구 난계로11길,서울특별시 중구 황학동 2523,교통단속,37.5664,127.0222
서울특별시 중구청,서울특별시 중구 만리재로35길 12 (만리동1가),서울특별시 중구 만리동1가 62-12,교통단속,37.5558,126.9676
서울특별시 중구청,서울특별시 중구 남대문로5가 12-18,,교통단속,37.5578,126.9735
서울특별시 중구청,서울특별시 중구 통일로 92,서울특별시 중구 순화동 1-170,교통단속,37.5631,126.9691
서울특별시 중구청,서울특별시 중구 퇴계로76길 39,서울특별시 중구 중구 무학동 27,교통단속,37.5634,127.0151
서울특별시 중구청,서울특별시 중구 퇴계로 408,서울특별시 중구 신당동 110-1,교통단속,37.5649,127.0169
서울특별시 중구청,서울특별시 중구 다산로36가길 59,서울특별시 중구 신당동 69-14,교통단속,37.5618,127.0211
서울특별시 중구청,서울특별시 중구 청구로3길 54,서울특별시 중구 신당동 333-204,교통단속,37.5573,127.0146
서울특별시 중구청,서울특별시 중구 퇴계로36길41,서울특별시 중구 필동2가 19-17,교통단속,37.5604,126.9955
서울특별시 중구청,서울특별시 중구 다산로34길26,서울특별시 중구 신당동 290-67,교통단속,37.5615,127.0164
서울특별시 중구청,서울특별시 중구 동호로17길 283,서울특별시 중구 다산동 432-1638,교통단속,37.5488,127.0068
서울특별시 중구청,서울특별시 중구 을지로 287,서울특별시 중구 을지로7가4-24,교통단속,37.5658,127.0104
서울특별시 중구청,서울특별시 중구 을지로 287,서울특별시 중구 을지로7가11-4,교통단속,37.5650,127.0105
서울특별시 중구청,서울특별시 중구 중구 저동1가 54,서울특별시 중구 저동1가 114,생활방범,37.5653,126.9874
서울특별시 중구청,서울특별시 중구 동호로10길 79,서울특별시 중구 신당동 333-111,생활방범,37.5573,127.0134
서울특별시 중구청,서울특별시 중구 명동8나길 34-1,서울특별시 중구 충무로1가 26-1,생활방범,37.5613,126.9831
서울특별시 중구청,서울특별시 중구 다산로 96 (신당동),서울특별시 중구 약수동 366-106,생활방범,37.5526,127.0092
서울특별시 중구청,서울특별시 중구 황학동 697,서울특별시 중구 퇴계로87길 13,생활방범,37.5657,127.0212
서울특별시 중구청,서울특별시 중구 필동로 42 (필동2가),서울특별시 중구 필동2가 112-1,생활방범,37.5578,126.9956
서울특별시 중구청,서울특별시 중구 퇴계로352,서울특별시 중구 신당동 228-11,생활방범,37.5646,127.0104
서울특별시 중구청,서울특별시 중구 을지로45길 46,서울특별시 중구 신당동 251-160,생활방범,37.5663,127.0119
서울특별시 중구청,서울특별시 중구 을지로45길 43,서울특별시 중구 신당동 251-7,생활방범,37.5669,127.0124
서울특별시 중구청,서울특별시 중구 을지로7가 2-38,,생활방범,37.5660,127.0111
서울특별시 중구청,서울특별시 중구 을지로7가 2-36,,생활방범,37.5662,127.0114
서울특별시 중구청,서울특별시 중구 을지로7가 2-36,,생활방범,37.5661,127.0108
서울특별시 중구청,서울특별시 중구 을지로7가 4-23,,생활방범,37.5654,127.0098
서울특별시 중구청,서울특별시 중구 을지로7가 4-24,서울특별시 중구 을지로 287,생활방범,37.5653,127.0104
서울특별시 중구청,서울특별시 중구 을지로7가 8-5,서울특별시 중구 을지로 지하 279,생활방범,37.5656,127.0093
서울특별시 중구청,서울특별시 중구 을지로7가 18-5,서울특별시 중구 을지로 288-1,생활방범,37.5653,127.0100
서울특별시 중구청,서울특별시 중구 을지로 278,서울특별시 중구 을지로7가 62-2,생활방범,37.5656,127.0090
서울특별시 중구청,서울특별시 중구 퇴계로340-1,서울특별시 중구 광희동2가 179,생활방범,37.5644,127.0094
서울특별시 중구청,서울특별시 중구 퇴계로335,서울특별시 중구 광희동2가 65-5,생활방범,37.5645,127.0088
서울특별시 중구청,서울특별시 중구 다산로46길 17,서울특별시 중구 흥인동 13-1 청계천 두산위브더제니스,생활방범,37.5665,127.0180
서울특별시 중구청,서울특별시 중구 필동로 34,서울특별시 중구 필동2가 106-2 삼경하이빌,생활방범,37.5586,126.9960
서울특별시 중구청,서울특별시 중구 필동로45,서울특별시 중구 필동3가 62-5 조양빌딩,생활방범,37.5576,126.9960
서울특별시 중구청,서울특별시 중구 다산로16길 12,서울특별시 중구 신당동 340-58,생활방범,37.5565,127.0123
서울특별시 중구청,서울특별시 중구 다산로22길 56,서울특별시 중구 신당동 333-335,생활방범,37.5566,127.0152
서울특별시 중구청,서울특별시 중구 동호로11마길45,서울특별시 중구 신당동 432-2011,생활방범,37.5505,127.0052
서울특별시 중구청,서울특별시 중구 을지로43길 15 (을지로6가),서울특별시 중구 을지로6가 18-52,생활방범,37.5671,127.0071
서울특별시 중구청,서울특별시 중구 을지로42길 10-4 (을지로6가),서울특별시 중구 을지로6가 34-6,생활방범,37.5658,127.0056
서울특별시 중구청,서울특별시 중구 퇴계로63길 22-23,서울특별시 중구 을지로7가 45,생활방범,37.5648,127.0090
서울특별시 중구청,서울특별시 중구 퇴계로 325-12 (광희동2가),서울특별시 중구 을지로7가 128,생활방범,37.5649,127.0081
서울특별시 중구청,서울특별시 중구 동호로34길 27 (광희동1가),서울특별시 중구 광희동1가 11번지,생활방범,37.5650,127.0041
서울특별시 중구청,서울특별시 중구 퇴계로53길 16-13 (쌍림동),서울특별시 중구 쌍림동 22-6,생활방범,37.5644,127.0045
서울특별시 중구청,서울특별시 중구 을지로40길 21-38 (광희동1가),서울특별시 중구 광희동1가 112-3,생활방범,37.5655,127.0057
서울특별시 중구청,서울특별시 중구 을지로 264 (광희동1가),서울특별시 중구 광희동1가 182-1,생활방범,37.5656,127.0066
서울특별시 중구청,서울특별시 중구 마른내로 162 (광희동1가),서울특별시 중구 광희동1가 207-2,생활방범,37.5645,127.0061
서울특별시 중구청,서울특별시 중구 마른내로 112 (오장동),서울특별시 중구 오장동 90-1,생활방범,37.5644,127.0004
서울특별시 중구청,서울특별시 중구 을지로36길 12 (을지로5가),서울특별시 중구 을지로5가 272-17,생활방범,37.5662,127.0015
서울특별시 중구청,서울특별시 중구 동호로37길 31 (주교동),서울특별시 중구 주교동 19-12,생활방범,37.5685,127.0001
서울특별시 중구청,서울특별시 중구 을지로27길 11 (주교동),서울특별시 중구 주교동 213,생활방범,37.5673,126.9991
서울특별시 중구청,서울특별시 중구 을지로27길 20 (주교동),서울특별시 중구 주교동 236,생활방범,37.5678,126.9991
서울특별시 중구청,서울특별시 중구 을지로35길 25 (주교동),서울특별시 중구 주교동 315-4,생활방범,37.5679,127.0011
서울특별시 중구청,서울특별시 중구 퇴계로51길 3 (충무로5가),서울특별시 중구 충무로5가 9-8,생활방범,37.5633,127.0017
서울특별시 중구청,서울특별시 중구 퇴계로49길 35 (충무로5가),서울특별시 중구 충무로5가 19-1,생활방범,37.5630,126.9991
서울특별시 중구청,서울특별시 중구 퇴계로45길 22-24 (충무로5가),서울특별시 중구 충무로5가 36-1,생활방범,37.5637,127.0004
서울특별시 중구청,서울특별시 중구 마른내로12길 17-19,서울특별시 중구 충무로5가 22-3,생활방범,37.5637,127.0012
서울특별시 중구청,서울특별시 중구 을지로30길 36 (예관동),서울특별시 중구 예관동 1-4,생활방범,37.5656,126.9990
서울특별시 중구청,서울특별시 중구 퇴계로 265,서울특별시 중구 충무로5가8-8,생활방범,37.5628,127.0011
서울특별시 중구청,서울특별시 중구 퇴계로 265,서울특별시 중구 충무로5가8-8,생활방범,37.5628,127.0011
서울특별시 중구청,서울특별시 중구 마장로1길 25 (신당동),서울특별시 중구 신당동 213-44,생활방범,37.5689,127.0121
서울특별시 중구청,서울특별시 중구 청계천로 318 (신당동),서울특별시 중구 신당동 217-95,생활방범,37.5693,127.0142
서울특별시 중구청,서울특별시 중구 퇴계로 350 (신당동),서울특별시 중구 신당동 228-17,생활방범,37.5644,127.0103
서울특별시 중구청,서울특별시 중구 청구로24길 15-1 (신당동),서울특별시 중구 신당동 231-8,생활방범,37.5637,127.0110
서울특별시 중구청,서울특별시 중구 다산로39길 55 (신당동),서울특별시 중구 신당동 233-2,생활방범,37.5646,127.0129
서울특별시 중구청,서울특별시 중구 다산로31길 50 (신당동),서울특별시 중구 신당동 236-10,생활방범,37.5626,127.0119
서울특별시 중구청,서울특별시 중구 다산로29길 63 (신당동),서울특별시 중구 신당동 236-81,생활방범,37.5621,127.0109
서울특별시 중구청,서울특별시 중구 퇴계로70길 5 (신당동),서울특별시 중구 신당동 236-123,생활방범,37.5644,127.0113
서울특별시 중구청,서울특별시 중구 다산로33길 74-22,서울특별시 중구 신당동 236-150,생활방범,37.5641,127.0114
서울특별시 중구청,서울특별시 중구 장충단로8가길2-7,서울특별시 중구 장충동1가 38-17,생활방범,37.5624,127.0085
서울특별시 중구청,서울특별시 중구 장충단로6가길54,서울특별시 중구 장충동1가 45-2,생활방범,37.5614,127.0092
서울특별시 중구청,서울특별시 중구 장충단로6가길42-1,서울특별시 중구 장충동1가 46-7,생활방범,37.5611,127.0093
서울특별시 중구청,서울특별시 중구 장충단로6가길18,서울특별시 중구 장충동1가 48-4,생활방범,37.5614,127.0076
서울특별시 중구청,서울특별시 중구 다산로 28나길 19,서울특별시 중구 신당동 321-9,생활방범,37.5589,127.0150
서울특별시 중구청,서울특별시 중구 다산로28길 27,서울특별시 중구 신당동 320-8,생활방범,37.5595,127.0152
서울특별시 중구청,서울특별시 중구 청구로3길 39,서울특별시 중구 신당동 331-70,생활방범,37.5578,127.0150
서울특별시 중구청,서울특별시 중구 장충단로4길14,서울특별시 중구 중구 장충동1가 54-1,생활방범,37.5611,127.0070
서울특별시 중구청,서울특별시 중구 동호로25길5,서울특별시 중구 장충동2가 193-240,생활방범,37.5590,127.0025
서울특별시 중구청,서울특별시 중구 동호로25길 3,서울특별시 중구 장충동2가 193-239,생활방범,37.5591,127.0028
서울특별시 중구청,서울특별시 중구 퇴계로50길 33-2,서울특별시 중구 묵정동 25-21,생활방범,37.5611,127.0010
서울특별시 중구청,서울특별시 중구 을지로16길13,서울특별시 중구 초동 8-1,생활방범,37.5658,126.9936
서울특별시 중구청,서울특별시 중구 다산로32,서울특별시 중구 신당동 844 남산타운,생활방범,37.5503,127.0128
서울특별시 중구청,서울특별시 중구 다산로47길 28,서울특별시 중구 중구 흥인동 158-9,생활방범,37.5666,127.0144
서울특별시 중구청,서울특별시 중구 청구로 16길 7,서울특별시 중구 신당동 390-4,생활방범,37.5613,127.0115
서울특별시 중구청,서울특별시 중구 다산로33라길32-6,서울특별시 중구 신당동 304-170,생활방범,37.4652,127.0120
서울특별시 중구청,서울특별시 중구 다산로42길 26,서울특별시 중구 중구 신당동 113-1,생활방범,37.5646,127.0179
서울특별시 중구청,서울특별시 중구 신당동43-34,,생활방범,37.5604,127.0209
서울특별시 중구청,서울특별시 중구 다산로36나길 14-8,서울특별시 중구 중구 신당동 55-51,생활방범,37.5606,127.0203
서울특별시 중구청,서울특별시 중구 동호로17다길 15,서울특별시 중구 신당동 432-358,생활방범,37.5540,127.0053
서울특별시 중구청,서울특별시 중구 동호로17나길 11-7,서울특별시 중구 중구 신당동 828-1,생활방범,37.5544,127.0062
서울특별시 중구청,서울특별시 중구 동호로15길 21-7,서울특별시 중구 신당동 357-3 금성빌딩,생활방범,37.5559,127.0089
서울특별시 중구청,서울특별시 중구 청구로 101,서울특별시 중구 신당동 402-1,생활방범,37.5611,127.0111
서울특별시 중구청,서울특별시 중구 을지로 258,서울특별시 중구 을지로6가 23-8,생활방범,37.5662,127.0067
서울특별시 중구청,서울특별시 중구 을지로44길 20,서울특별시 중구 광희동1가 154-1,생활방범,37.5652,127.0064
서울특별시 중구청,서울특별시 중구 청구로 51-30,서울특별시 중구 신당동 313-69,생활방범,37.5588,127.0164
서울특별시 중구청,서울특별시 중구 다산로14길 11,서울특별시 중구 신당동 340-123,생활방범,37.5560,127.0122
서울특별시 중구청,서울특별시 중구 다산로14길 17,서울특별시 중구 신당동 340-127,생활방범,37.5559,127.0124
서울특별시 중구청,서울특별시 중구 다산로24길 15,서울특별시 중구 신당동 333-199,생활방범,37.5579,127.0134
서울특별시 중구청,서울특별시 중구 청구로1길 54-8,서울특별시 중구 신당동 330-95,생활방범,37.5575,127.0154
서울특별시 중구청,서울특별시 중구 청구로3길 20,서울특별시 중구 신당동 331-70,생활방범,37.5586,127.0153
서울특별시 중구청,,서울특별시 중구 신당동 432-276,생활방범,37.5545,127.0070
서울특별시 중구청,서울특별시 중구 다산로 33길 10-7,서울특별시 중구 신당동 241-57,생활방범,37.5626,127.0142
서울특별시 중구청,서울특별시 중구 다산로 33길 10-10,서울특별시 중구 신당동 302-6,생활방범,37.5627,127.0144
서울특별시 중구청,서울특별시 중구 퇴계로8길 51,서울특별시 중구 회현동1가 100-5,생활방범,37.5572,126.9797
서울특별시 중구청,서울특별시 중구 세종대로 9-3,서울특별시 중구 세종대로 17-2,생활방범,37.5579,126.9731
서울특별시 중구청,서울특별시 중구 소파로91-1,서울특별시 중구 예장동 8-130,생활방범,37.5564,126.9850
서울특별시 중구청,서울특별시 중구 삼일대로12길 22-1,서울특별시 중구 을지로2가 101-27,생활방범,37.5667,126.9890
서울특별시 중구청,서울특별시 중구 소파로101,서울특별시 중구 남산동2가 49-24,생활방범,37.5568,126.9858
서울특별시 중구청,서울특별시 중구 다산로32(남산타운 22동),서울특별시 중구 신당동 844,생활방범,37.5494,127.0104
서울특별시 중구청,서울특별시 중구 매봉18길 79 (금호동2가),서울특별시 중구 약수동 333-771,생활방범,37.5545,127.0170
서울특별시 중구청,서울특별시 중구 칠패로 27 (순화동),서울특별시 중구 순화동 9-5,생활방범,37.5603,126.9717
서울특별시 중구청,서울특별시 중구 칠패로 27 (순화동),서울특별시 중구 순화동 9-5,생활방범,37.5600,126.9716
서울특별시 중구청,서울특별시 중구 다산로24가길 23,서울특별시 중구 신당동 333-260,생활방범,37.5565,127.0162
서울특별시 중구청,서울특별시 중구 다산로 138 앞,서울특별시 중구 신당동 369-76,생활방범,37.5561,127.0115
서울특별시 중구청,서울특별시중구다산로20길65,서울특별시 중구 신당동 333-500,생활방범,37.5561,127.0156
서울특별시 중구청,서울특별시 중구 청구로3다길 14,서울특별시 중구 신당동 300-190,생활방범,37.5576,127.0157
서울특별시 중구청,서울특별시 중구 다산로20길 26,서울특별시 중구 신당동333-59,생활방범,37.5570,127.0136
서울특별시 중구청,서울특별시 중구 다산로28길 18,서울특별시 중구 신당동 311-1,생활방범,37.5595,127.0146
서울특별시 중구청,서울특별시 중구 청구로3나길 13-6,서울특별시 중구 신당동 330-206,생활방범,37.5581,127.0160
서울특별시 중구청,서울특별시 중구 다산로24길 73,서울특별시 중구 신당동 841-3,생활방범,37.5575,127.0166
서울특별시 중구청,서울특별시 중구 다산로16길 43-10,서울특별시 중구 신당동 334-6,생활방범,37.5561,127.0145
서울특별시 중구청,서울특별시 중구 다산로24가길 23,서울특별시 중구 신당동 333-260,생활방범,37.5562,127.0162
서울특별시 중구청,서울특별시 중구 퇴계로 32길 21,서울특별시 중구 필동2가 84-92,생활방범,37.5600,126.9925
서울특별시 중구청,서울특별시 중구 서애로1길 34,서울특별시 중구 묵정동 11-67,생활방범,37.5609,126.9999
서울특별시 중구청,서울특별시 중구 필동로8길 36,서울특별시 중구 예장동 1-136,생활방범,37.5553,126.9946
서울특별시 중구청,서울특별시 중구 필동로5길 18,서울특별시 중구 장충동2가 산14-48,생활방범,37.5563,126.9965
서울특별시 중구청,서울특별시 중구 필동로3길 17-2,서울특별시 중구 장충동2가 산14-48,생활방범,37.5571,126.9965
서울특별시 중구청,서울특별시 중구 필동로 35-13,서울특별시 중구 필동3가 49-1,생활방범,37.5579,126.9965
서울특별시 중구청,서울특별시 중구 서애로 12-6,서울특별시 중구 충무로5가 84-1,생활방범,37.5615,126.9979
서울특별시 중구청,서울특별시 중구 퇴계로36가길 2,서울특별시 중구 필동2가 79,생활방범,37.5605,126.9955
서울특별시 중구청,서울특별시 중구 퇴계로 180-14,서울특별시 중구 필동1가 21-15,생활방범,37.5603,126.9911
서울특별시 중구청,서울특별시 중구 퇴계로 26길 65,서울특별시 중구 예장동 2-20,생활방범,37.5587,126.9892
서울특별시 중구청,서울특별시 중구 소파로4길 10,서울특별시 중구 예장동 8-27,생활방범,37.5595,126.9888
서울특별시 중구청,서울특별시 중구 퇴계로39길7,서울특별시 중구 필동2가 13-7,생활방범,37.5616,126.9941
서울특별시 중구청,서울특별시 중구 퇴계로42길20,서울특별시 중구 필동2가28-2,생활방범,37.5608,126.9965
서울특별시 중구청,서울특별시 중구 소파로4길33-10,서울특별시 중구 예장동 7-3,생활방범,37.5580,126.9890
서울특별시 중구청,서울특별시 중구 퇴계로36가길 74,서울특별시 중구 필동2가 120-5,생활방범,37.5570,126.9955
서울특별시 중구청,서울특별시 중구 필동로8길61-10,서울특별시 중구 예장동 1-49,생활방범,37.5561,126.9935
서울특별시 중구청,서울특별시 중구 난계로17길 19-5 옆,서울특별시 중구 황학동 1568,생활방범,37.5691,127.0223
서울특별시 중구청,서울특별시 중구 난계로15길 7,서울특별시 중구 황학동 1444,생활방범,37.5687,127.0230
서울특별시 중구청,서울특별시 중구 난계로 15길 63,서울특별시 중구 황학동 1257,생활방범,37.5690,127.0203
서울특별시 중구청,서울특별시 중구 퇴계로 83길 30-14,서울특별시 중구 황학동 246,생활방범,37.5670,127.0189
서울특별시 중구청,서울특별시 중구 난계로11길18-8,서울특별시 중구 신당동 304-360,생활방범,37.5665,127.0229
서울특별시 중구청,서울특별시 중구 중구 마장로14가길10,서울특별시 중구 황학동1197,생활방범,37.5676,127.0216
서울특별시 중구청,서울특별시 중구 마장로3길18,서울특별시 중구 황확동141,생활방범,37.5690,127.0181
서울특별시 중구청,서울특별시 중구 마장로9길42,서울특별시 중구 황학동 2436,생활방범,37.5704,127.0196
서울특별시 중구청,서울특별시 중구 다산로 269,서울특별시 중구 신당동 254,시설물관리,37.5679,127.0147
서울특별시 중구청,서울특별시 중구 퇴계로22길 17,서울특별시 중구 남산동2가 2,시설물관리,37.5563,126.9640
서울특별시 중구청,서울특별시 중구 덕수궁길 140,서울특별시 중구 정동 1-76,시설물관리,37.5686,126.9745
서울특별시 중구청,서울특별시 중구 매봉18길 109,서울특별시 중구 청구동 333-579,시설물관리,37.5564,127.0171
서울특별시 중구청,서울특별시 중구 매봉18길 11 (금호동3가),서울특별시 중구 약수동 산55,생활방범,37.5504,127.0137
서울특별시 중구청,서울특별시 중구 매봉18길 11 (금호동3가),서울특별시 중구 약수동 844-10,생활방범,37.5488,127.0104
서울특별시 중구청,서울특별시 중구 매봉18길 11 (금호동3가),서울특별시 중구 약수동 351-104,생활방범,37.5450,127.0082
서울특별시 중구청,서울특별시 중구 정동길 21-8,서울특별시 중구 정동 15-1,생활방범,37.5684,126.9713
서울특별시 중구청,서울특별시 중구 정동길 21-8,서울특별시 중구 정동 15-1,생활방범,37.5679,126.9716
서울특별시 중구청,서울특별시 중구 통일로 102 옆,서울특별시 중구 의주로1가 44-2,생활방범,37.5640,126.9687
서울특별시 중구청,서울특별시 중구 중구 남대문로10길 29 옆,서울특별시 중구 삼각동 118,생활방범,37.5682,126.9849
서울특별시 중구청,서울특별시 중구 을지로 3길 49,서울특별시 중구 다동 51-2,생활방범,37.5682,126.9808
서울특별시 중구청,서울특별시 중구 을지로 3길 49,서울특별시 중구 다동 51-2,생활방범,37.5681,126.9807
서울특별시 중구청,서울특별시 중구 퇴계로 303-9 옆,서울특별시 중구 광희동 1가 238,생활방범,37.5643,127.0050
서울특별시 중구청,서울특별시 중구 퇴계로 45길 32-12,서울특별시 중구 충무로5가 21,생활방범,37.5639,127.0002
서울특별시 중구청,서울특별시 중구 퇴계로 45길 32-12,서울특별시 중구 충무로5가 21,생활방범,37.5638,126.9994
서울특별시 중구청,서울특별시 중구 서소문로11길 34 앞,서울특별시 중구 정동 34-31,생활방범,37.5642,126.9727
서울특별시 중구청,서울특별시 중구 동호로 11차길 1 옆,서울특별시 중구 다산동 432-517,생활방범,37.5521,127.0051
서울특별시 중구청,서울특별시 중구 동호로 11차길 1 옆,서울특별시 중구 다산동 432-517,생활방범,37.5522,127.0049
서울특별시 중구청,서울특별시 중구 동호로 11자길 19 옆,서울특별시 중구 다산동 432-1971,생활방범,37.5512,127.0057
서울특별시 중구청,서울특별시 중구 다산로14길 47,서울특별시 중구 청구동 340-15,생활방범,37.5558,127.0140
서울특별시 중구청,서울특별시 중구 다산로14길 47,서울특별시 중구 청구동 340-15,생활방범,37.5556,127.0138
서울특별시 중구청,서울특별시 중구 난계로 6길 8,서울특별시 중구 신당5동 산12-75,생활방범,37.5625,127.0245
서울특별시 중구청,서울특별시 중구 난계로 6길 8,서울특별시 중구 신당5동 산12-75,생활방범,37.5625,127.0250
서울특별시 중구청,서울특별시 중구 난계로 6길 8,서울특별시 중구 신당5동 산12-75,생활방범,37.5629,127.0251
서울특별시 중구청,서울특별시 중구 다산로42나길 12 앞,서울특별시 중구 다산동 122-10,생활방범,37.5637,127.0184
서울특별시 중구청,서울특별시 중구 다산로42나길 12 앞,서울특별시 중구 다산동 122-10,생활방범,37.5639,127.0189
서울특별시 중구청,서울특별시 중구 다산로33가길 17 앞,서울특별시 중구 신당동 241-26,생활방범,37.5634,127.0143
서울특별시 중구청,서울특별시 중구 동호로 8나길 15,서울특별시 중구 약수동 349-214,생활방범,37.5528,127.0126
서울특별시 중구청,서울특별시 중구 다산로 24길 23 맞은편,서울특별시 중구 청구동 333-370,생활방범,37.5561,127.0164
서울특별시 중구청,서울특별시 중구 다산로 24길 23 맞은편,서울특별시 중구 청구동 333-370,생활방범,37.5559,127.0163
서울특별시 중구청,서울특별시 중구 퇴계로 36가길 60 앞,서울특별시 중구 필동 2가 111-2,생활방범,37.5578,126.9954
서울특별시 중구청,서울특별시 중구 동호로11차길 1 옆,서울특별시 중구 다산동 432-813,생활방범,37.5526,127.0058
서울특별시 중구청,서울특별시 중구 동호로 15길 60 옆,서울특별시 중구 다산동 432-1584,생활방범,37.5543,127.0086
서울특별시 중구청,서울특별시 중구 서소문로2길 46 위,서울특별시 중구 중림동 1046,생활방범,37.5572,126.9632
서울특별시 중구청,서울특별시 중구 청구로1길 23,서울특별시 중구 신당동 843,생활방범,37.5576,127.0170
서울특별시 중구청,서울특별시 중구 다산로36가길26-14,서울특별시 중구 신당5동57-295,생활방범,37.5606,127.0207
서울특별시 중구청,서울특별시 중구 다산로36길64 114동뒤,서울특별시 중구 동화동45-42,생활방범,37.5602,127.0183
서울특별시 중구청,서울특별시 중구 다산로36길64 114동뒤,서울특별시 중구 동화동45-42,생활방범,37.5601,127.0182
서울특별시 중구청,서울특별시 중구 동호로5길19,서울특별시 중구 약수동309-262,생활방범,37.5515,127.0134
서울특별시 중구청,서울특별시 중구 다산로48길33,서울특별시 중구 황학동 755,생활방범,37.5679,127.0181
서울특별시 중구청,서울특별시 중구 다산로48길33,서울특별시 중구 황학동 755,생활방범,37.5674,127.0180
서울특별시 중구청,서울특별시 중구 소공로 112(환구단1),서울특별시 중구 소공동 87-14,시설물관리,37.5652,126.9796
서울특별시 중구청,서울특별시 중구 소공로 112(환구단2),서울특별시 중구 소공동 87-14,시설물관리,37.5651,126.9801
서울특별시 중구청,서울특별시 중구 소공로 112(환구단3),서울특별시 중구 소공동 87-14,시설물관리,37.5649,126.9794
서울특별시 중구청,서울특별시 중구 소공로 112(환구단4),서울특별시 중구 소공동 87-14,시설물관리,37.5651,126.9803
서울특별시 중구청,서울특별시 중구 소공로 112(환구단 정문1),서울특별시 중구 소공동 87-14,시설물관리,37.5652,126.9792
서울특별시 중구청,서울특별시 중구 소공로 112(환구단 정문2),서울특별시 중구 소공동 87-14,시설물관리,37.5653,126.9790
서울특별시 중구청,서울특별시 중구 소공로 112(환구단 실내),서울특별시 중구 소공동 87-14,시설물관리,37.5651,126.9797
서울특별시 중구청,서울특별시 중구 정동길 21-18 (구러시아공사관),서울특별시 중구 정동 15-3,시설물관리,37.5680,126.9714
서울특별시 중구청,서울특별시 중구 정동길 21-18 (구러시아공사관),서울특별시 중구 정동 15-3,시설물관리,37.5681,126.9714
서울특별시 중구청,서울특별시 중구 정동길 21-18 (구러시아공사관),서울특별시 중구 정동 15-3,시설물관리,37.5681,126.9717
서울특별시 중구청,서울특별시 중구 정동길 21-18 (구러시아공사관),서울특별시 중구 정동 15-3,시설물관리,37.5680,126.9715
서울특별시 중구청,서울특별시 중구 퇴계로68길 (광희문1),서울특별시 중구 광희동2가 105,시설물관리,37.5642,127.0099
서울특별시 중구청,서울특별시 중구 퇴계로68길 (광희문2),서울특별시 중구 광희동2가 105,시설물관리,37.5642,127.0101
서울특별시 중구청,서울특별시 중구 퇴계로68길 (광희문 실내),서울특별시 중구 광희동2가 105,시설물관리,37.5643,127.0100
서울특별시 중구청,서울특별시 중구 퇴계로68길 (광희문 성벽1),서울특별시 중구 광희동2가 105,시설물관리,37.5644,127.0098
서울특별시 중구청,서울특별시 중구 퇴계로68길 (광희문 성벽2),서울특별시 중구 광희동2가 105,시설물관리,37.5633,127.0103
서울특별시 중구청,서울특별시 중구 퇴계로68길 (광희문 성벽3),서울특별시 중구 광희동2가 105,시설물관리,37.5638,127.0099
서울특별시 중구청,서울특별시 중구 퇴계로68길 (광희문 성벽4),서울특별시 중구 광희동2가 105,시설물관리,37.5639,127.0102
서울특별시 중구청,서울특별시 중구 퇴계로68길 (광희문 성벽5),서울특별시 중구 광희동2가 105,시설물관리,37.5633,127.0098
서울특별시 중구청,서울특별시 중구 퇴계로68길 (광희문 뒷편1),서울특별시 중구 광희동2가 105,시설물관리,37.5630,127.0102
서울특별시 중구청,서울특별시 중구 퇴계로68길 (광희문 뒷편2),서울특별시 중구 광희동2가 105,시설물관리,37.5630,127.0100
서울특별시 중구청,서울특별시 중구 동호로 385-1(성제묘),서울특별시 중구 방산동 4-96,시설물관리,37.5688,127.0018
서울특별시 중구청,서울특별시 중구 동호로 385-1(성제묘),서울특별시 중구 방산동 4-96,시설물관리,37.5688,127.0018
서울특별시 중구청,서울특별시 중구 장충단로 60(서울성곽 팔각정1),서울특별시 중구 장충동2가 산5-5,시설물관리,37.5499,127.0044
서울특별시 중구청,서울특별시 중구 장충단로 60(서울성곽 팔각정2),서울특별시 중구 장충동2가 산5-6,시설물관리,37.5537,127.0044
서울특별시 중구청,서울특별시 중구 장충단로 60(서울성곽 토끼굴),서울특별시 중구 장충동2가 산5-5,시설물관리,37.5514,127.0039
서울특별시 중구청,서울특별시 중구 세종대로 93(대한문 앞),서울특별시 중구 태평로2가 360-1,시설물관리,37.5648,126.9769
서울특별시 중구청,서울특별시 중구 필동로 1길 30,서울특별시 중구 장충동2가 192-5,시설물관리,37.5574,127.0013
서울특별시 중구청,서울특별시 중구 필동로 1길 30,서울특별시 중구 장충동2가 192-5,시설물관리,37.5575,127.0012
서울특별시 중구청,서울특별시 중구 필동로 1길 30,서울특별시 중구 장충동2가 192-5,시설물관리,37.5575,127.0011
서울특별시 중구청,서울특별시 중구 필동로 1길 30,서울특별시 중구 장충동2가 192-5,시설물관리,37.5574,127.0010
서울특별시 중구청,서울특별시 중구 필동로 1길 30,서울특별시 중구 장충동2가 192-5,시설물관리,37.5576,127.0010
서울특별시 중구청,서울특별시 중구 필동로 1길 30,서울특별시 중구 장충동2가 192-5,시설물관리,37.5573,127.0009
서울특별시 중구청,서울특별시 중구 필동로 1길 30,서울특별시 중구 장충동2가 192-5,시설물관리,37.5572,127.0013
서울특별시 중구청,서울특별시 중구 필동로 1길 30,서울특별시 중구 장충동2가 192-5,시설물관리,37.5575,127.0014
서울특별시 중구청,서울특별시 중구 동호로30길 2 (장충동2가 ),서울특별시 중구 장충동2가 186-140,시설물관리,37.5608,127.0032
서울특별시 중구청,서울특별시 중구 동호로30길 2 (장충동2가 ),서울특별시 중구 장충동2가 186-140,시설물관리,37.5608,127.0031
서울특별시 중구청,서울특별시 중구 신당동294-40,서울특별시 중구 신당동294-40,생활방범,37.5599,127.0140
서울특별시 중구청,서울특별시 중구 태평로1가2-2,서울특별시 중구 태평로1가2-2,생활방범,37.5690,126.9773
서울특별시 중구청,서울특별시 중구 신당동296-15,서울특별시 중구 신당동296-15,생활방범,37.5606,127.0135
서울특별시 중구청,서울특별시 중구 서소문로89-31,서울특별시 중구 순화동 3-12,생활방범,37.5635,126.9713
서울특별시 중구청,서울특별시 중구 서소문로89-31,서울특별시 중구 순화동 3-12,생활방범,37.5634,126.9713
서울특별시 중구청,서울특별시 중구 퇴계로 36가길 60 앞,서울특별시 중구 필동 2가 111-2,생활방범,37.5579,126.9955
서울특별시 중구청,서울특별시 중구 삼일대로 340,서울특별시 중구 저동1가 1-14,생활방범,37.5646,126.9885
서울특별시 중구청,서울특별시 중구 명동길 91-1,서울특별시 중구 저동1가 90-10,생활방범,37.5647,126.9872
서울특별시 중구청,서울특별시 중구 명동길 91-1,서울특별시 중구 저동1가 90-10,생활방범,37.5648,126.9872
서울특별시 중구청,서울특별시 중구 명동길 91-1,서울특별시 중구 저동1가 90-10,생활방범,37.5648,126.9871
서울특별시 중구청,서울특별시 중구 명동길 91-1,서울특별시 중구 저동1가 90-10,생활방범,37.5647,126.9871
서울특별시 중구청,서울특별시 중구 다동길13,서울특별시 중구 다동 45-6,생활방범,37.5680,126.9804
서울특별시 중구청,서울특별시 중구 만리재로 21길 9,서울특별시 중구 만리동2가 218-26,생활방범,37.5526,126.9629
서울특별시 중구청,서울특별시 중구 만리재로 21길 9,서울특별시 중구 만리동2가 218-26,생활방범,37.5526,126.9628
서울특별시 중구청,,서울특별시 중구 신당동 837-4,생활방범,37.5595,127.0206
서울특별시 중구청,,서울특별시 중구 신당동 837-4,생활방범,37.5593,127.0208
서울특별시 중구청,,서울특별시 중구 신당동 837-4,생활방범,37.5593,127.0209
서울특별시 중구청,서울특별시 중구 칠패로 5,서울특별시 중구 의주로2가 16-4,생활방범,37.5613,126.9684
서울특별시 중구청,서울특별시 중구 칠패로 5,서울특별시 중구 의주로2가 16-4,생활방범,37.5608,126.9686
서울특별시 중구청,서울특별시 중구 칠패로 5,서울특별시 중구 의주로2가 16-4,생활방범,37.5608,126.9689
서울특별시 중구청,서울특별시 중구 충정로1가 75-9,서울특별시 중구 충정로1가 81-2,교통단속,37.5656,126.9682
서울특별시 중구청,서울특별시 중구 통일로 30 (봉래동1가),서울특별시 중구 봉래1가 126-2,교통단속,37.5583,126.9719
서울특별시 중구청,서울특별시 중구 중림로 15,서울특별시중구중림동182,교통단속,37.5589,126.9653
서울특별시 중구청,서울특별시 중구 퇴계로 131 (충무로2가),서울특별시 중구 충무로2가 64-5,교통단속,37.5611,126.9866
서울특별시 중구청,서울특별시 중구 퇴계로 132 (남산동3가),서울특별시 중구 남산동3가 13-31,교통단속,37.5608,126.9864
서울특별시 중구청,서울특별시 중구 마른내로 8 (저동2가),서울특별시 중구 저동2가 88-13,교통단속,37.5646,126.9889
서울특별시 중구청,서울특별시 중구 청계천로 106 (수표동),서울특별시 중구 수표동 62-4,교통단속,37.5679,126.9894
서울특별시 중구청,서울특별시 중구 수표로 74 (수표동),서울특별시 중구 수표동 11-8,교통단속,37.5672,126.9895
서울특별시 중구청,서울특별시 중구 수표로 54-1 (을지로3가),서울특별시 중구 을지로3가 348-4,교통단속,37.5658,126.9898
서울특별시 중구청,서울특별시 중구 마른내로 21 (저동2가),서울특별시 중구 저동2가 17-1,교통단속,37.5648,126.9902
서울특별시 중구청,서울특별시 중구 통일로 92,서울특별시 중구 순화동 1-170,교통단속,37.5640,126.9696
서울특별시 중구청,서울특별시 중구 마른내로 38 (초동),서울특별시 중구 초동 64-11,교통단속,37.5643,126.9918
서울특별시 중구청,서울특별시 중구 충무로11길 7 (을지로3가),서울특별시 중구 을지로3가 108,교통단속,37.5674,126.9923
서울특별시 중구청,서울특별시 중구 마른내로 75-1 (인현동2가),서울특별시 중구 인현동2가 134-11,교통단속,37.5642,126.9957
서울특별시 중구청,서울특별시 중구 을지로 163 (을지로4가),서울특별시 중구 을지로4가 19-4,교통단속,37.5667,126.9970
서울특별시 중구청,서울특별시 중구 창경궁로 62 (주교동),서울특별시 중구 주교동 175-1,교통단속,37.5680,126.9981
서울특별시 중구청,서울특별시 중구 창경궁로 36-1 (예관동),서울특별시 중구 예관동 21-5,교통단속,37.5654,126.9984
서울특별시 중구청,서울특별시 중구 마른내로 101-1 (오장동),서울특별시 중구 오장동 69-50,교통단속,37.5645,126.9995
서울특별시 중구청,서울특별시 중구 동호로30길 2 (장충동2가 ),서울특별시 중구 장충동2가 186-140,시설물관리,37.5608,127.0031
서울특별시 중구청,서울특별시 중구 서소문로11길 19,서울특별시 중구 정동 34-5,시설물관리,37.5638,126.9724
서울특별시 중구청,서울특별시 중구 서소문로11길 19,서울특별시 중구 정동 34-5,시설물관리,37.5642,126.9728
서울특별시 중구청,서울특별시 중구 서소문로11길 19,서울특별시 중구 정동 34-5,시설물관리,37.5639,126.9728
서울특별시 중구청,서울특별시 중구 서소문로11길 19,서울특별시 중구 정동 34-5,시설물관리,37.5641,126.9724
서울특별시 중구청,서울특별시 중구 세종대로 19길 16,서울특별시 중구 정동 3-7,시설물관리,37.5673,126.9757
서울특별시 중구청,서울특별시 중구 세종대로 19길 16,서울특별시 중구 정동 3-7,시설물관리,37.5673,126.9757
서울특별시 중구청,서울특별시 중구 세종대로 19길 16,서울특별시 중구 정동 3-7,시설물관리,37.5673,126.9757
서울특별시 중구청,서울특별시 중구 세종대로 19길 16,서울특별시 중구 정동 3-7,시설물관리,37.5672,126.9763
서울특별시 중구청,서울특별시 중구 세종대로 19길 16,서울특별시 중구 정동 3-7,시설물관리,37.5667,126.9756
서울특별시 중구청,서울특별시 중구 남대문로 118 (남대문로1가 ),서울특별시 중구 남대문로1가 19,시설물관리,37.5678,126.9829
서울특별시 중구청,서울특별시 중구 남대문로 118 (남대문로1가 ),서울특별시 중구 남대문로1가 19,시설물관리,37.5676,126.9834
서울특별시 중구청,서울특별시 중구 덕수궁길 130,서울특별시 중구 정동 1-23,시설물관리,37.5679,126.9737
서울특별시 중구청,서울특별시 중구 덕수궁길 130,서울특별시 중구 정동 1-23,시설물관리,37.5681,126.9738
서울특별시 중구청,서울특별시 중구 덕수궁길 130,서울특별시 중구 정동 1-23,시설물관리,37.5678,126.9739
서울특별시 중구청,서울특별시 중구 덕수궁길 130,서울특별시 중구 정동 1-23,시설물관리,37.5679,126.9740
서울특별시 중구청,서울특별시 중구 청파로 447-1,서울특별시 중구 중림동 149-2,시설물관리,37.5591,126.9674
서울특별시 중구청,서울특별시 중구 청파로 447-1,서울특별시 중구 중림동 149-2,시설물관리,37.5591,126.9674
서울특별시 중구청,서울특별시 중구 청파로 447-1,서울특별시 중구 중림동 149-2,시설물관리,37.5591,126.9674
서울특별시 중구청,서울특별시 중구 청파로 447-1,서울특별시 중구 중림동 149-2,시설물관리,37.5591,126.9674
서울특별시 중구청,서울특별시 중구 청파로 447-1,서울특별시 중구 중림동 149-2,시설물관리,37.5591,126.9674
서울특별시 중구청,서울특별시 중구 청파로 447-1,서울특별시 중구 중림동 149-2,시설물관리,37.5591,126.9674
서울특별시 중구청,서울특별시 중구 청파로 447-1,서울특별시 중구 중림동 149-2,시설물관리,37.5591,126.9674
서울특별시 중구청,서울특별시 중구 청파로 447-1,서울특별시 중구 중림동 149-2,시설물관리,37.5591,126.9674
서울특별시 중구청,서울특별시 중구 청파로 447-1,서울특별시 중구 중림동 149-2,시설물관리,37.5591,126.9674
서울특별시 중구청,서울특별시 중구 손기정로73,서울특별시 중구 만리동2가 2,시설물관리,37.5563,126.9640
서울특별시 중구청,서울특별시 중구 소파로2길 10,서울특별시 중구 예장동 8-3,시설물관리,37.5569,126.9874
서울특별시 중구청,서울특별시 중구 난계로 141,서울특별시 중구 신당동 161-2,시설물관리,37.5645,127.0238
서울특별시 중구청,서울특별시 중구 청구로17길 40,서울특별시 중구 다산동 386,시설물관리,37.5593,127.0104
서울특별시 중구청,서울특별시 중구 다산로 170,서울특별시 중구 청구동 330-2,시설물관리,37.5584,127.0142
서울특별시 중구청,서울특별시 중구 퇴계로50길 13,서울특별시 중구 장충동2가 173-7,시설물관리,37.5620,127.0018
서울특별시 중구청,서울특별시 중구 청구로6길 11,서울특별시 중구 신당동 292-66,시설물관리,37.5605,127.0143
서울특별시 중구청,서울특별시 중구 남대문로1길 24 (북창동),서울특별시 중구 북창동 24-3,쓰레기단속,37.5620,126.9775
서울특별시 중구청,서울특별시 중구 동호로11아길 5,서울특별시중구 신당동 432-556,쓰레기단속,37.5517,127.0055
서울특별시 중구청,서울특별시 중구 퇴계로12길 62-5,서울특별시 중구 회현동1가 109,쓰레기단속,37.5568,126.9813
서울특별시 중구청,서울특별시 중구 퇴계로6가길 14,서울특별시 중구 남창동 205-6,쓰레기단속,37.5566,126.9787
서울특별시 중구청,서울특별시 중구 퇴계로6길 36 (남창동),서울특별시 중구 남창동 206-61,쓰레기단속,37.5572,126.9773
서울특별시 중구청,서울특별시 중구 퇴계로8길 80 (회현동),서울특별시 중구 회현동 100-239,쓰레기단속,37.5564,126.9805
서울특별시 중구청,서울특별시 중구 마른내로 121 (오장동),서울특별시 중구 오장동 148-17,교통단속,37.5646,127.0011
서울특별시 중구청,서울특별시 중구 마른내로 133 (쌍림동),서울특별시 중구 광희동1가 281-2,교통단속,37.5647,127.0030
서울특별시 중구청,서울특별시 중구 필동로 24,서울특별시 중구 필동3가 34,교통단속,37.5594,126.9961
서울특별시 중구청,서울특별시 중구 퇴계로 307 (광희동1가),서울특별시 중구 광희동1가 216,교통단속,37.5645,127.0058
서울특별시 중구청,서울특별시 중구 남대문시장8길 25 (남창동),서울특별시 중구 남창동 9-28,생활방범,37.5591,126.9787
서울특별시 중구청,서울특별시 중구 퇴계로 53 (남창동),서울특별시 중구 남창동 47-17,생활방범,37.5587,126.9781
서울특별시 중구청,서울특별시 중구 서소문로6길 9 (중림동),서울특별시 중구 중림동 565,생활방범,37.5601,126.9661
서울특별시 중구청,서울특별시 중구 중림로4길46,서울특별시 중구 중림동392-8,생활방범,37.5569,126.9646
서울특별시 중구청,서울특별시 중구 중림로4길 24 (중림동),서울특별시 중구 중림동 396-8,생활방범,37.5582,126.9643
서울특별시 중구청,서울특별시 중구 손기정로 101 (만리동2가),서울특별시 중구 만리동2가 6-1,생활방범,37.5549,126.9647
서울특별시 중구청,"서울특별시 중구 중림로8길 10 (중림동, 용궁빌라)",서울특별시 중구 중림동 324-4,생활방범,37.5575,126.9671
서울특별시 중구청,서울특별시 중구 만리재로21길 9 (만리동2가),서울특별시 중구 만리동2가 218-26,생활방범,37.5527,126.9633
서울특별시 중구청,서울특별시 중구 손기정로 73 (만리동2가),서울특별시 중구 만리동2가 2,생활방범,37.5557,126.9635
서울특별시 중구청,서울특별시 중구 만리재로37길 68 (만리동1가),서울특별시 중구 만리동1가 56-30,생활방범,37.5566,126.9651
서울특별시 중구청,서울특별시 중구 만리재로37길 30 (만리동1가),서울특별시 중구 만리동1가 54-5,생활방범,37.5570,126.9665
서울특별시 중구청,서울특별시 중구 만리재로35길 30 (만리동1가),서울특별시 중구 만리동1가 35-10,생활방범,37.5566,126.9676
서울특별시 중구청,서울특별시 중구 중림로8길 28 (중림동),서울특별시 중구 중림동 324-9,생활방범,37.5575,126.9660
서울특별시 중구청,서울특별시 중구 청파로 441-2 (중림동),서울특별시 중구 중림동 61,생활방범,37.5591,126.9691
서울특별시 중구청,서울특별시 중구 중림로 51 (중림동),서울특별시 중구 중림동 129-23,생활방범,37.5575,126.9681
서울특별시 중구청,서울특별시 중구 중림로2길 26 (중림동),서울특별시 중구 중림동 395-2,생활방범,37.5581,126.9634
서울특별시 중구청,서울특별시 중구 중림로2길 16,서울특별시 중구 중림동 398-16,생활방범,37.5585,126.9635
서울특별시 중구청,서울특별시 중구 서소문로2길 18 (중림동),서울특별시 중구 중림동 399-2,생활방범,37.5583,126.9628
서울특별시 중구청,서울특별시 중구 손기정로1길38-5,서울특별시 중구 중림동 400-3,생활방범,37.5587,126.9621
서울특별시 중구청,서울특별시 중구 만리재로37길 50 (만리동1가),서울특별시 중구 만리동1가 56-51,생활방범,37.5571,126.9656
서울특별시 중구청,서울특별시 중구 만리재로37길 59-3,서울특별시 중구 만리동1가 56-20,생활방범,37.5568,126.9656
서울특별시 중구청,서울특별시 중구 청파로103길 15 (중림동),서울특별시 중구 중림동 116,생활방범,37.5584,126.9686
서울특별시 중구청,서울특별시 중구 만리재로35길 12 (만리동1가),서울특별시 중구 만리동1가 62-12,생활방범,37.5558,126.9676
서울특별시 중구청,서울특별시 중구 중림로 2-1 (중림동),서울특별시 중구 중림동 397-2,생활방범,37.5591,126.9638
서울특별시 중구청,서울특별시 중구 서소문로2길 33-8 (중림동),서울특별시 중구 중림동 392-2,생활방범,37.5576,126.9634
서울특별시 중구청,서울특별시중구서소문로2길33,서울특별시 중구 중림동 395-7,생활방범,37.5576,126.9630
서울특별시 중구청,서울특별시 중구 만리재로 181 (만리동2가),서울특별시 중구 만리동2가 32,생활방범,37.5545,126.9663
서울특별시 중구청,서울특별시 중구 환일길 67-12 (만리동2가),서울특별시 중구 만리동2가 231-65,생활방범,37.5523,126.9623
서울특별시 중구청,서울특별시 중구 서소문로6길 34 (중림동),서울특별시 중구 중림동 149,생활방범,37.5596,126.9673
서울특별시 중구청,서울특별시 중구 중림로 11-2 (중림동),서울특별시 중구 중림동 184-1,생활방범,37.5591,126.9650
서울특별시 중구청,서울특별시 중구 중림로4길 46 (중림동),서울특별시 중구 중림동 1044,생활방범,37.5572,126.9639
서울특별시 중구청,서울특별시 중구 청파로 464 (중림동),서울특별시 중구 중림동 352,생활방범,37.5613,126.9678
서울특별시 중구청,서울특별시 중구 퇴계로8길 80 (회현동1가),서울특별시 중구 회현동1가 100-239,생활방범,37.5562,126.9803
서울특별시 중구청,서울특별시 중구 퇴계로20나길 36-2 (남산동2가),서울특별시 중구 남산동2가 49-10,쓰레기단속,37.5578,126.9854
서울특별시 중구청,서울특별시 중구 소공로6길 14,서울특별시 중구 회현동2가 32-2,쓰레기단속,37.5585,126.9839
서울특별시 중구청,서울특별시중구퇴계로24길14,서울특별시 중구 남산동3가 18-2,쓰레기단속,37.5604,126.9875
서울특별시 중구청,서울특별시 중구 퇴계로20길 25-26,서울특별시 중구 남산동2가 18-5,쓰레기단속,37.5591,126.9863
서울특별시 중구청,서울특별시 중구 수표로2길 13,서울특별시중구충무로3가59-24,쓰레기단속,37.5621,126.9912
서울특별시 중구청,서울특별시 중구 퇴계로31길 10,서울특별시중구 필동1가 43-3,쓰레기단속,37.5616,126.9925
서울특별시 중구청,서울특별시 중구 필동로1길 31 (필동3가),서울특별시 중구 필동3가 28-32,쓰레기단속,37.5587,126.9979
서울특별시 중구청,서울특별시 중구 퇴계로36가길 38 (필동2가),서울특별시 중구 필동2가 104-1,쓰레기단속,37.5587,126.9958
서울특별시 중구청,서울특별시 중구 동호로30길 17 (장충동2가),서울특별시 중구 장충동2가 186-20,쓰레기단속,37.5612,127.0035
서울특별시 중구청,서울특별시 중구 퇴계로50길 53 (묵정동),서울특별시 중구 묵정동 22-22,쓰레기단속,37.5602,127.0010
서울특별시 중구청,서울특별시 중구 장충단로6가길 21-2 (장충동1가),서울특별시 중구 장충동1가 44-10,쓰레기단속,37.5612,127.0081
서울특별시 중구청,서울특별시 중구 청구로17길66,서울특별시 중구 신당동 411-9,생활방범,37.5584,127.0113
서울특별시 중구청,서울특별시 중구 다산로39가길 16-1,서울특별시 중구 신당동 304-217,생활방범,37.5640,127.0130
서울특별시 중구청,서울특별시 중구 다산로33라길 30-13,서울특별시 중구 신당동 304-166,생활방범,37.5643,127.0124
서울특별시 중구청,서울특별시 중구 마장로1가길 17,서울특별시 중구 신당동 213-51,생활방범,37.5686,127.0130
서울특별시 중구청,서울특별시 중구 퇴계로71길 38,서울특별시 중구 신당동 251-131,생활방범,37.5665,127.0128
서울특별시 중구청,서울특별시 중구 다산로33길 58,서울특별시 중구 신당동 304-141,생활방범,37.5635,127.0120
서울특별시 중구청,서울특별시 중구 다산로 31길 37-1,서울특별시 중구 신당동 236-374,생활방범,37.5622,127.0124
서울특별시 중구청,서울특별시 중구 다신로 33다길 20-12,,생활방범,37.5636,127.0139
서울특별시 중구청,서울특별시 중구 다산로 39길 71,서울특별시 중구 신당동 234-3,생활방범,37.5646,127.0119
서울특별시 중구청,서울특별시 중구 을지로45길,,생활방범,37.5677,127.0127
서울특별시 중구청,서울특별시 중구 청구로 10길 22,서울특별시 중구 신당동 304-546,생활방범,37.5614,127.0133
서울특별시 중구청,서울특별시 중구 퇴계로 375,서울특별시 중구 신당동 250-3,생활방범,37.5651,127.0133
서울특별시 중구청,서울특별시 중구 퇴계로76길 59,서울특별시 중구 신당동 301-7,생활방범,37.5626,127.0148
서울특별시 중구청,서울특별시 중구 다산로130-2,서울특별시 중구 신당동 369-51,생활방범,37.5552,127.0114
서울특별시 중구청,서울특별시 중구 다산로19길50,서울특별시 중구 신당동 377-55,생활방범,37.5577,127.0093
서울특별시 중구청,서울특별시 중구 다산로182-6,서울특별시 중구 신당동330-5,생활방범,37.5595,127.0138
서울특별시 중구청,서울특별시 중구 청구로10길36,서울특별시 중구 신당동 304-360,생활방범,37.5619,127.0138
서울특별시 중구청,서울특별시 중구 다산로39길22,서울특별시 중구 신당동247-74,생활방범,37.5645,127.0146
서울특별시 중구청,서울특별시 중구 동호로166-2,서울특별시 중구 신당동 373-125,생활방범,37.5534,127.0121
서울특별시 중구청,서울특별시 중구 다산로33길74-14,서울특별시 중구 신당동 236-139,생활방범,37.5640,127.0117
서울특별시 중구청,서울특별시 중구 다산로33라길 32,서울특별시 중구 신당동 304-172,생활방범,37.5639,127.0121
서울특별시 중구청,서울특별시 중구 다산로33다길 38,서울특별시 중구 신당동 304-303,생활방범,37.5646,127.0136
서울특별시 중구청,서울특별시 중구 장충단로8길59-10,서울특별시 중구 신당동 393-15,생활방범,37.5625,127.0099
서울특별시 중구청,서울특별시 중구 청구로21길22,서울특별시 중구 신당동 400,생활방범,37.5607,127.0103
서울특별시 중구청,서울특별시 중구 장충단로8길59,서울특별시 중구 신당동 393-7,생활방범,37.5620,127.0098
서울특별시 중구청,서울특별시 중구 퇴계로411-6,서울특별시 중구 흥인동 30-2,생활방범,37.5659,127.0174
서울특별시 중구청,서울특별시 중구 다산로 114-8,서울특별시 중구 신당동 368-58,생활방범,37.5539,127.0107
서울특별시 중구청,서울특별시 중구 퇴계로6길 36 (남창동),서울특별시 중구 남창동 202,생활방범,37.5567,126.9787
서울특별시 중구청,서울특별시 중구 퇴계로6가길 24,서울특별시 중구 남창동 205-94,생활방범,37.5564,126.9784
서울특별시 중구청,서울특별시 중구 퇴계로12길 62-5 (회현동1가),서울특별시 중구 회현동1가 109,생활방범,37.5569,126.9816
서울특별시 중구청,서울특별시중구퇴계로12길62-5,서울특별시중구회현동1가109,생활방범,37.5568,126.9814
서울특별시 중구청,서울특별시 중구 퇴계로10길 8 (회현동),서울특별시 중구 회현동1가 94-2,생활방범,37.5590,126.9802
서울특별시 중구청,서울특별시 중구 소공로3길 7 (회현동2가),서울특별시 중구 회현동2가 56,생활방범,37.5576,126.9825
서울특별시 중구청,서울특별시 중구 퇴계로 48-1 (남창동),서울특별시 중구 회현동1가 194-15,생활방범,37.5582,126.9781
서울특별시 중구청,서울특별시 중구 퇴계로12가길 19 (회현동1가),서울특별시 중구 회현동1가 148,생활방범,37.5561,126.9811
서울특별시 중구청,서울특별시 중구 퇴계로8길 43 (회현동),서울특별시 중구 회현동 100-121,생활방범,37.5576,126.9794
서울특별시 중구청,서울특별시 중구 퇴계로4길 52-5,서울특별시 중구 회현동1가 82-8,생활방범,37.5577,126.9804
서울특별시 중구청,서울특별시 중구 퇴계로2길 1 (남창동),서울특별시 중구 남창동 168-21,생활방범,37.5575,126.9773
서울특별시 중구청,서울특별시 중구 소파로 46 (회현동1가),서울특별시 중구 회현동1가 100-115,생활방범,37.5546,126.9806
서울특별시 중구청,서울특별시 중구 퇴계로12가길 21 (회현동1가),서울특별시 중구 회현동1가 148-23,생활방범,37.5557,126.9810
서울특별시 중구청,서울특별시 중구 소공로3길 10-10 (회현동1가),서울특별시 중구 회현동1가 51-2,생활방범,37.5574,126.9820
서울특별시 중구청,서울특별시 중구 퇴계로6가길 36-2 (남창동),서울특별시 중구 남창동 205-105,생활방범,37.5562,126.9773
서울특별시 중구청,서울특별시 중구 서소문로11길 1 (서소문동),서울특별시 중구 서소문동 55-3,생활방범,37.5629,126.9731
서울특별시 중구청,서울특별시 중구 덕수궁길 83 (정동),서울특별시 중구 정동 1-8,생활방범,37.5687,126.9742
서울특별시 중구청,서울특별시 중구 정동길 21 (정동),서울특별시 중구 정동 16-1,생활방범,37.5667,126.9709
서울특별시 중구청,서울특별시 중구 통일로4길 22 (순화동),서울특별시 중구 순화동 1-1,생활방범,37.5647,126.9688
서울특별시 중구청,서울특별시 중구 세종대로11길 26 (서소문동),서울특별시 중구 서소문동 120,생활방범,37.5622,126.9746
서울특별시 중구청,서울특별시 중구 통일로 92 (순화동),서울특별시 중구 순화동 1-88,생활방범,37.5640,126.9695
서울특별시 중구청,서울특별시 중구 덕수궁길 140 (정동),서울특별시 중구 정동 1-68,생활방범,37.5692,126.9744
서울특별시 중구청,서울특별시 중구 정동길 22 (정동),서울특별시 중구 정동 28,생활방범,37.5663,126.9692
서울특별시 중구청,서울특별시 중구 세종대로9길 53 (서소문동),서울특별시 중구 서소문동 58-12,생활방범,37.5620,126.9731
서울특별시 중구청,서울특별시 중구 서소문로83-1,서울특별시 중구 순화동 6-19,생활방범,37.5623,126.9704
서울특별시 중구청,서울특별시 중구 퇴계로20나길42,서울특별시 중구 남산동2가 49-14,생활방범,37.5575,126.9852
서울특별시 중구청,서울특별시 중구 퇴계로 20길 41-6,서울특별시 중구 남산동2가19-2,생활방범,37.5586,126.9866
서울특별시 중구청,서울특별시 중구 소공로6가길 37,서울특별시 중구 회현동1가 144-39,생활방범,37.5569,126.9841
서울특별시 중구청,서울특별시 중구 퇴계로18길 88,서울특별시 중구 회현동1가 144-35,생활방범,37.5572,126.9844
서울특별시 중구청,서울특별시 중구 소공로4길 25,서울특별시 중구 회현동2가 48-22,생활방범,37.5570,126.9838
서울특별시 중구청,서울특별시 중구 퇴계로20가길15,서울특별시 중구 남산동2가 15-1,생활방범,37.5594,126.9864
서울특별시 중구청,서울특별시 중구 명동8길8-23,서울특별시 중구 명동2가 54-18,생활방범,37.5629,126.9835
서울특별시 중구청,서울특별시 중구 다동길 11,서울특별시 중구 다동 46,생활방범,37.5679,126.9800
서울특별시 중구청,서울특별시 중구 정동길 12-11,서울특별시 중구 정동 28-11,생활방범,37.5671,126.9691
서울특별시 중구청,,서울특별시 중구 순화동 1-144,생활방범,37.5650,126.9713
서울특별시 중구청,서울특별시 중구 남대문로1길 31-5,서울특별시 중구 북창동 20-5,생활방범,37.5625,126.9770
서울특별시 중구청,서울특별시 중구 남대문로4가,서울특별시 중구 남창동51-4,생활방범,37.5595,126.9759
서울특별시 중구청,서울특별시 중구 남대문로4가,서울특별시 중구 남창동51-4,생활방범,37.5595,126.9759
서울특별시 중구청,서울특별시 중구 동호로8가길 41 뒷편,서울특별시 중구 신당동 346-453,생활방범,37.5542,127.0141
서울특별시 중구청,서울특별시 중구 동호로8라길 20 앞,서울특별시 중구 신당동 346-566,생활방범,37.5534,127.0152
서울특별시 중구청,서울특별시 중구 동호로8나길 41,서울특별시 중구 신당동 309-76,생활방범,37.5522,127.0139
서울특별시 중구청,서울특별시중구동호로8나길42,서울특별시중구 신당동 309-103,생활방범,37.5520,127.0141
서울특별시 중구청,서울특별시 중구 동호로7길 47-14,서울특별시 중구 신당동 372-445,생활방범,37.5517,127.0115
서울특별시 중구청,서울특별시 중구 다산로8길16-8,서울특별시 중구 신당동366-69,생활방범,37.5523,127.0102
서울특별시 중구청,서울특별시 중구 동호로11바길 26-2,서울특별시 중구 신당동 432-2035,생활방범,37.5504,127.0061
서울특별시 중구청,서울특별시 중구 동호로17길 223,서울특별시 중구 신당동 432-2211,생활방범,37.5501,127.0050
서울특별시 중구청,서울특별시 중구 동호로11아길 22,서울특별시 중구 신당동 432-1933,생활방범,37.5513,127.0051
서울특별시 중구청,서울특별시 중구 동호로11자길 1,서울특별시 중구 신당동 432-1943,생활방범,37.5518,127.0058
서울특별시 중구청,서울특별시 중구 동호로17가길 5-9,서울특별시 중구 신당동 432-153,생활방범,37.5558,127.0080
서울특별시 중구청,서울특별시 중구 동호로11차길 24-5,서울특별시 중구 신당동 432-1887,생활방범,37.5520,127.0042
서울특별시 중구청,서울특별시 중구 중구 동호로17가길18-11,서울특별시 중구 신당동 824-11,생활방범,37.5554,127.0071
서울특별시 중구청,서울특별시 중구 동호로11나길 47,서울특별시 중구 신당동 432-462,생활방범,37.5521,127.0055
서울특별시 중구청,서울특별시 중구 동호로11나길 27,서울특별시 중구 신당동 432-640,생활방범,37.5522,127.0069
서울특별시 중구청,서울특별시 중구 동호로11차길 24,서울특별시 중구 신당동 432-1885,생활방범,37.5520,127.0045
서울특별시 중구청,서울특별시 중구 동호로17길 39,서울특별시 중구 신당동 821-18,생활방범,37.5564,127.0079
서울특별시 중구청,서울특별시 중구 동호로17길 283,서울특별시 중구 다산동 432-1638,생활방범,37.5488,127.0068
서울특별시 중구청,서울특별시 중구 다산성곽길01,서울특별시 중구 다산성곽길01,생활방범,37.5504,127.0043
서울특별시 중구청,서울특별시 중구 다산성곽길02,서울특별시 중구 다산성곽길02,생활방범,37.5509,127.0044
서울특별시 중구청,서울특별시 중구 다산성곽길03,서울특별시 중구 다산성곽길03,생활방범,37.5512,127.0040
서울특별시 중구청,서울특별시 중구 다산성곽길04,서울특별시 중구 다산성곽길04,생활방범,37.5518,127.0039
서울특별시 중구청,서울특별시 중구 다산성곽길05,서울특별시 중구 다산성곽길05,생활방범,37.5519,127.0036
서울특별시 중구청,서울특별시 중구 다산성곽길06,서울특별시 중구 다산성곽길06,생활방범,37.5521,127.0032
서울특별시 중구청,서울특별시 중구 다산성곽길07,서울특별시 중구 다산성곽길07,생활방범,37.5525,127.0041
서울특별시 중구청,서울특별시 중구 다산성곽길08,서울특별시 중구 다산성곽길08,생활방범,37.5533,127.0044
서울특별시 중구청,서울특별시 중구 동호17길 256-15,서울특별시 중구 신당동 432-1628,생활방범,37.5564,126.9720
서울특별시 중구청,서울특별시 중구 청구로4길15-9,서울특별시 중구 신당동 287-17,생활방범,37.5605,127.0150
서울특별시 중구청,서울특별시 중구 퇴계로 88다길 38,서울특별시 중구 신당동 62-33,생활방범,37.5617,127.0204
서울특별시 중구청,서울특별시 중구 다산로42다길 59 옆,서울특별시 중구 신당동 281-23,생활방범,37.5618,127.0179
서울특별시 중구청,서울특별시 중구 청구로 51-20,서울특별시 중구 신당동 314-44,생활방범,37.5591,127.0164
서울특별시 중구청,서울특별시 중구 다산로 36가길 14-3,,생활방범,37.5609,127.0194
서울특별시 중구청,서울특별시 중구 다산로 36나길 20,서울특별시 중구 신당동 62-60,생활방범,37.5609,127.0201
서울특별시 중구청,서울특별시 중구 다산로 40길 17,서울특별시 중구 신당동 112-6,생활방범,37.5638,127.0171
서울특별시 중구청,서울특별시 중구 청구로17길 91,서울특별시 중구 신당동 377-142,생활방범,37.5573,127.0112
서울특별시 중구청,서울특별시 중구 동호로17나길 19,서울특별시 중구 신당동 432-2347,생활방범,37.5540,127.0059
서울특별시 중구청,서울특별시 중구 난계로 151,서울특별시 중구 신당동 160-5,생활방범,37.5650,127.0235
서울특별시 중구청,서울특별시 중구 다산로 40길 33-8,서울특별시 중구 신당동 122-8,생활방범,37.5638,127.0181
서울특별시 중구청,서울특별시 중구 남대문로4가,서울특별시 중구 남창동51-4,생활방범,37.5595,126.9759
서울특별시 중구청,서울특별시 중구 남대문로4가,서울특별시 중구 남창동51-4,생활방범,37.5595,126.9759
서울특별시 중구청,서울특별시 중구 세종대로 40,서울특별시 중구 남대문로4가 29,생활방범,37.5599,126.9749
서울특별시 중구청,서울특별시 중구 세종대로 40,서울특별시 중구 남대문로4가 29,생활방범,37.5603,126.9754
서울특별시 중구청,서울특별시 중구 정동길45-1,서울특별시 중구 정동 6-1,생활방범,37.5653,126.9736
서울특별시 중구청,서울특별시 중구 정동23-20,서울특별시 중구 정동 23-20,생활방범,37.5677,126.9696
서울특별시 중구청,서울특별시중구 세종대로 지하101,서울특별시 중구 정동5-8,생활방범,37.5655,126.9775
서울특별시 중구청,서울특별시 중구 중림로 7길 23-22,서울특별시중구중림동149-28,생활방범,37.5588,126.9683
서울특별시 중구청,서울특별시 중구 중림로5길 11,서울특별시 중구 중림동 156-5,생활방범,37.5593,126.9658
서울특별시 중구청,서울특별시 중구 만리재로35길46-8,서울특별시 중구 만리동1가 53-18,생활방범,37.5569,126.9680
서울특별시 중구청,서울특별시 중구 중림로4길6-1,서울특별시 중구 중림동 397-9,생활방범,37.5589,126.9643
서울특별시 중구청,서울특별시 중구 후암로 60길 17,서울특별시 중구 남대문로5가 542,생활방범,37.5546,126.9741
서울특별시 중구청,서울특별시 중구 퇴계로8길 70,서울특별시 중구 회현동1가 100-38,생활방범,37.5567,126.9802
서울특별시 중구청,서울특별시 중구 퇴계로8길 101,서울특별시 중구 회현동 147-25,생활방범,37.5553,126.9809
서울특별시 중구청,서울특별시 중구 소공로3길 34,서울특별시 중구 회현동1가 142-16,생활방범,37.5567,126.9825
서울특별시 중구청,서울특별시 중구 퇴계로12길 79,서울특별시 중구 회현동1가 147-16,생활방범,37.5560,126.9819
서울특별시 중구청,서울특별시 중구 퇴계로12길 41,서울특별시 중구 회현동1가 55-3,생활방범,37.5578,126.9814
서울특별시 중구청,서울특별시 중구 퇴계로8길 65-8,서울특별시 중구 회현동1가 100-171,생활방범,37.5568,126.9806
서울특별시 중구청,서울특별시 중구 퇴계로8길 49-17,서울특별시중구회현동1가100-197,생활방범,37.5571,126.9808
서울특별시 중구청,서울특별시 중구 퇴계로12길 62-22,서울특별시중구회현동1가105-1,생활방범,37.5569,126.9809
서울특별시 중구청,서울특별시중구남대문로5가9-2,서울특별시 중구 세종대로 지하 2,생활방범,37.5574,126.9718
서울특별시 중구청,서울특별시중구남대문로5가9-2,서울특별시 중구 세종대로 지하 2,생활방범,37.5575,126.9720
서울특별시 중구청,서울특별시 중구 남대문로 39,서울특별시 중구 남대문로3가 110,생활방범,37.5617,126.9805
서울특별시 중구청,서울특별시 중구 남대문로 39,서울특별시 중구 남대문로3가 110,생활방범,37.5613,126.9807
서울특별시 중구청,서울특별시 중구 퇴계로6길 24,서울특별시 중구 남창동 191-1,생활방범,37.5573,126.9787
서울특별시 중구청,서울특별시 중구 후암로 58길 13,서울특별시 중구 남대문로5가 622,생활방범,37.5543,126.9746
서울특별시 중구청,서울특별시 중구 후암로 60길 23,서울특별시 중구 남대문로5가 548,생활방범,37.5549,126.9747
서울특별시 중구청,서울특별시 중구 소공로 30,서울특별시 중구 회현동2가 33,생활방범,37.5583,126.9828
서울특별시 중구청,서울특별시 중구 소공로 30,서울특별시 중구 회현동2가 33,생활방범,37.5583,126.9831
서울특별시 중구청,서울특별시 중구 소공로 30,서울특별시 중구 회현동2가 33,생활방범,37.5582,126.9828
서울특별시 중구청,서울특별시 중구 퇴계로22길 17,서울특별시 중구 남산동2가 2,생활방범,37.5563,126.9640
서울특별시 중구청,서울특별시 중구 삼일대로 298 (충무로2가),서울특별시 중구 충무로2가 53-8,생활방범,37.5612,126.9894
서울특별시 중구청,서울특별시 중구 충무로 13 (충무로3가),서울특별시 중구 충무로3가 50-2,생활방범,37.5622,126.9923
서울특별시 중구청,서울특별시 중구 퇴계로 212 (필동2가),서울특별시 중구 필동2가 19-1,생활방범,37.5613,126.9954
서울특별시 중구청,서울특별시 중구 퇴계로36나길 32 (필동2가),서울특별시 중구 필동2가 84-32,생활방범,37.5566,126.9935
서울특별시 중구청,서울특별시 중구 필동로 42 (필동2가),서울특별시 중구 필동2가 112-1,생활방범,37.5578,126.9956
서울특별시 중구청,서울특별시 중구 필동로6길 10 (필동2가),서울특별시 중구 필동2가 134-5,생활방범,37.5550,126.9956
서울특별시 중구청,서울특별시 중구 서애로 12-1 (필동3가),서울특별시 중구 필동3가 17-1,생활방범,37.5612,126.9980
서울특별시 중구청,서울특별시 중구 퇴계로90길 59-8,서울특별시 중구 신당동 165-61,생활방범,37.5626,127.0221
서울특별시 중구청,서울특별시 중구 을지로 27길 40,서울특별시 중구 주교동 67,생활방범,37.5687,126.9990
서울특별시 중구청,서울특별시 중구 창경궁로 5길 6,서울특별시 중구 산림동 16,생활방범,37.5672,126.9978
서울특별시 중구청,서울특별시 중구 퇴계로27길 35,서울특별시 중구 초동 53-2,생활방범,37.5634,126.9918
서울특별시 중구청,서울특별시 중구 을지로17길 12,서울특별시 중구 산림동 289,생활방범,37.5671,126.9946
서울특별시 중구청,서울특별시 중구 충무로9길 37-1,서울특별시 중구 을지로3가 5-16,생활방범,37.5668,126.9904
서울특별시 중구청,서울특별시 중구 창경궁로5나길 3,서울특별시 중구 산림동 47-1,생활방범,37.5673,126.9969
서울특별시 중구청,서울특별시 중구 충무로11길 6,서울특별시 중구 입정동 233-2,생활방범,37.5674,126.9921
서울특별시 중구청,서울특별시 중구 을지로30길 52,서울특별시 중구 오장동 11-2,생활방범,37.5648,126.9991
서울특별시 중구청,서울특별시 중구 수표로12길 18,서울특별시 중구 저동2가 46-1,생활방범,37.5641,126.9912
서울특별시 중구청,서울특별시 중구 을지로14길 31,서울특별시 중구 초동 19-7,생활방범,37.5647,126.9922
서울특별시 중구청,서울특별시 중구 창경궁로5가길 23,서울특별시 중구 산림동 69-2,생활방범,37.5680,126.9972
서울특별시 중구청,서울특별시 중구 마른내로4길25-10,서울특별시 중구 충무로4가 13-12,생활방범,37.5630,126.9940
서울특별시 중구청,서울특별시 중구 동호로37길 33-12,서울특별시 중구 주교동 43-18,생활방범,37.5687,126.9998
서울특별시 중구청,서울특별시 중구 을지로38길 20,서울특별시 중구 을지로5가 133-1,생활방범,37.5660,127.0036
서울특별시 중구청,서울특별시 중구 을지로38길20,서울특별시 중구 을지로 5가 133-1,생활방범,37.5656,127.0036
서울특별시 중구청,서울특별시 중구 동호로356-13,서울특별시 중구 을지로5가 81-1,생활방범,37.5522,127.0069
서울특별시 중구청,서울특별시 중구 을지로28길 16,서울특별시 중구 을지로4가 178-1,생활방범,37.5660,126.9990
서울특별시 중구청,서울특별시 중구 동호로25길 37-5,서울특별시 중구 장충동2가 193-148,생활방범,37.5592,127.0011
서울특별시 중구청,서울특별시 중구 동호로 25길 37-46,서울특별시 중구 장충동2가 193-146,생활방범,37.5593,127.0012
서울특별시 중구청,서울특별시 중구 장충단로8나길 13,서울특별시 중구 장충동1가 38-7,생활방범,37.5629,127.0087
서울특별시 중구청,서울특별시 중구 장충단로8나길 11-26,서울특별시 중구 광희동2가 217-5,생활방범,37.5631,127.0088
서울특별시 중구청,서울특별시 중구 동호로25가길 13,서울특별시 중구 장충동2가 193-88,생활방범,37.5585,127.0022
서울특별시 중구청,서울특별시 중구 장충단로7가길 10,서울특별시 중구 장충동2가 104-1,생활방범,37.5620,127.0054
서울특별시 중구청,서울특별시 중구 퇴계로56가길 8,서울특별시 중구 장충동2가 112-30,생활방범,37.5618,127.0052
서울특별시 중구청,서울특별시 중구 퇴계로56길 58-8,서울특별시 중구 장충동2가 47-8,생활방범,37.5614,127.0051
서울특별시 중구청,서울특별시 중구 장충단로 88,서울특별시 중구 장충동2가 208-1,생활방범,37.5535,127.0041
서울특별시 중구청,서울특별시 중구 장충단로7길 21-7,서울특별시 중구 장충동2가 112-3,생활방범,37.5621,127.0051
서울특별시 중구청,서울특별시 중구 장충단로 8길 51-3,서울특별시 중구 장충동1가 38-51,생활방범,37.5624,127.0094
서울특별시 중구청,서울특별시 중구 동호로 313-22,서울특별시 중구 장충동2가 173-5,생활방범,37.5626,127.0016
서울특별시 중구청,서울특별시 중구 장충단로6길54,서울특별시 중구 장충동1가 50-3,생활방범,37.5604,127.0091
서울특별시 중구청,서울특별시 중구 장충단로6길38,서울특별시 중구 장충동1가 48-10,생활방범,37.5608,127.0083
서울특별시 중구청,서울특별시 중구 장충단로6가길 26,서울특별시 중구 장충단로6가길 26,생활방범,37.5610,127.0083
서울특별시 중구청,서울특별시 중구 다산로36가길 32 (신당동),서울특별시 중구 동화동 62-61,쓰레기단속,37.5614,127.0203
서울특별시 중구청,서울특별시 중구 다산로36나길 14 (신당동),서울특별시 중구 동화동 55-29,쓰레기단속,37.5606,127.0197
서울특별시 중구청,서울특별시 중구 퇴계로83길 30-11 (황학동),서울특별시 중구 황학동 340,쓰레기단속,37.5671,127.0190
서울특별시 중구청,서울특별시 중구 퇴계로 431 (황학동),서울특별시 중구 황학동 729,쓰레기단속,37.5658,127.0193
서울특별시 중구청,서울특별시 중구 마장로 90 (황학동),서울특별시 중구 황학동 507,쓰레기단속,37.5683,127.0195
서울특별시 중구청,서울특별시 중구 서애로 15-10 (필동3가),서울특별시 중구 필동3가 20-17,생활방범,37.5606,126.9982
서울특별시 중구청,서울특별시 중구 서애로5길 26 (필동3가),서울특별시 중구 필동3가 28-25,생활방범,37.5591,126.9973
서울특별시 중구청,서울특별시 중구 필동로 55,서울특별시 중구 필동3가 62-12,생활방범,37.5565,126.9957
서울특별시 중구청,서울특별시 중구 필동로1길 18 (필동3가),서울특별시 중구 필동3가 39-15,생활방범,37.5585,126.9969
서울특별시 중구청,서울특별시 중구 서애로 26 (필동3가),서울특별시 중구 필동3가 1-5,생활방범,37.5602,126.9969
서울특별시 중구청,서울특별시 중구 필동로8길 50 (예장동),서울특별시 중구 예장동 1-149,생활방범,37.5559,126.9937
서울특별시 중구청,서울특별시 중구 소파로4길 32 (예장동),서울특별시 중구 예장동 6-47,생활방범,37.5586,126.9885
서울특별시 중구청,서울특별시 중구 삼일대로2길 70 (주자동),서울특별시 중구 주자동 49-16,생활방범,37.5602,126.9902
서울특별시 중구청,서울특별시 중구 필동로 96 (장충동2가),서울특별시 중구 장충동2가 192-45,생활방범,37.5534,126.9971
서울특별시 중구청,서울특별시 중구 퇴계로27길 12-3 (필동1가),서울특별시 중구 필동1가 3-17,생활방범,37.5617,126.9916
서울특별시 중구청,서울특별시 중구 퇴계로 210-19 (필동2가),서울특별시 중구 필동2가 18-5,생활방범,37.5606,126.9954
서울특별시 중구청,서울특별시 중구 서애로3길19,서울특별시 중구 필동3가25-1,생활방범,37.5597,126.9975
서울특별시 중구청,서울특별시 중구 서애로3길40,서울특별시 중구 장충동2가192-112,생활방범,37.5590,126.9983
서울특별시 중구청,서울특별시 중구 퇴계로44길17,서울특별시 중구 필동3가10-1,생활방범,37.5611,126.9973
서울특별시 중구청,서울특별시 중구 을지로38길 32 (을지로5가),서울특별시 중구 을지로5가 148-2,생활방범,37.5653,127.0032
서울특별시 중구청,서울특별시 중구 장충단로13길 20 (을지로6가),서울특별시 중구 을지로6가 17-2,생활방범,37.5679,127.0077
서울특별시 중구청,서울특별시 중구 장충단로 275 (을지로6가),서울특별시 중구 을지로6가 18-12,생활방범,37.5689,127.0094
서울특별시 중구청,서울특별시 중구 장충단로 263 (을지로6가),서울특별시 중구 을지로6가 18-17,생활방범,37.5678,127.0087
서울특별시 중구청,서울특별시 중구 장충단로 253 (을지로6가),서울특별시 중구 을지로6가 18-35,생활방범,37.5672,127.0083
서울특별시 중구청,서울특별시 중구 남대문로1길 42 (북창동),서울특별시 중구 북창동 18-9,생활방범,37.5629,126.9773
서울특별시 중구청,서울특별시 중구 다동길 27 (다동),서울특별시 중구 다동 53-8,생활방범,37.5678,126.9809
서울특별시 중구청,서울특별시 중구 무교로 6 (을지로1가),서울특별시 중구 을지로1가 16,생활방범,37.5662,126.9793
서울특별시 중구청,서울특별시 중구 세종대로 136 (무교동),서울특별시 중구 태평로1가 84,생활방범,37.5690,126.9774
서울특별시 중구청,서울특별시 중구 남대문로 73 (소공동),서울특별시 중구 소공동 7,생활방범,37.5638,126.9819
서울특별시 중구청,서울특별시 중구 남대문로 39 (남대문로3가),서울특별시 중구 남대문로3가 110,생활방범,37.5614,126.9791
서울특별시 중구청,서울특별시 중구 남대문로9길 6 (다동),서울특별시 중구 다동 155,생활방범,37.5673,126.9805
서울특별시 중구청,서울특별시 중구 남대문로25-13,서울특별시 중구 북창동 110-2,생활방범,37.5619,126.9783
서울특별시 중구청,서울특별시 중구 퇴계로 24 (남대문로5가),서울특별시 중구 남대문로5가 267-4,생활방범,37.5571,126.9758
서울특별시 중구청,서울특별시 중구 세종대로2길 7 (남대문로5가),서울특별시 중구 남대문로5가 12-16,생활방범,37.5576,126.9740
서울특별시 중구청,서울특별시 중구 청파로 426 (봉래동2가),서울특별시 중구 봉래동2가 122,생활방범,37.5557,126.9720
서울특별시 중구청,서울특별시 중구 통일로 21 (봉래동2가),서울특별시 중구 봉래동2가 123번지,생활방범,37.5575,126.9715
서울특별시 중구청,서울특별시 중구 세종대로 30 (남대문로5가),서울특별시 중구 남대문로5가 21-1,생활방범,37.5590,126.9753
서울특별시 중구청,서울특별시 중구 칠패로 26 (순화동),서울특별시 중구 순화동 207-25,생활방범,37.5595,126.9717
서울특별시 중구청,서울특별시 중구 세종대로 12 (남대문로5가),서울특별시 중구 남대문로5가 12-8,생활방범,37.5578,126.9735
서울특별시 중구청,서울특별시 중구 소월로2길 30,서울특별시 중구 남대문로5가 827,생활방범,37.5542,126.9765
서울특별시 중구청,서울특별시 중구 세종대로5길 39 (봉래동1가),서울특별시 중구 봉래동1가 126-1,생활방범,37.5586,126.9727
서울특별시 중구청,서울특별시 중구 한강대로 416 서울역지하보도,서울특별시중구봉래동2가84-11,생활방범,37.5562,126.9733
서울특별시 중구청,서울특별시 중구 중림로4길 8 (중림동),서울특별시 중구 중림동 397-9,쓰레기단속,37.5587,126.9642
서울특별시 중구청,서울특별시 중구 서소문로2길 25 (중림동),서울특별시 중구 중림동 395-10,쓰레기단속,37.5580,126.9632
서울특별시 중구청,서울특별시 중구 서소문로6길 16,서울특별시 중구 중림동 155-1,쓰레기단속,37.5594,126.9661
서울특별시 중구청,서울특별시 중구 손기정로1길 50 (중림동),서울특별시 중구 중림동 400-15,쓰레기단속,37.5590,126.9626
서울특별시 중구청,서울특별시 중구 다산로8길 11,서울특별시 중구 신당동 368-74,쓰레기단속,37.5529,127.0102
서울특별시 중구청,서울특별시 중구 청구로1길 82 (신당동),서울특별시 중구 청구동 333-504,쓰레기단속,37.5563,127.0153
서울특별시 중구청,"서울특별시 중구 난계로17길 30 (황학동, 엠피에스산업)",서울특별시 중구 황학동 1540,쓰레기단속,37.5695,127.0217
서울특별시 중구청,서울특별시 중구 을지로7가 54,서울특별시 중구 을지로 282-6,쓰레기단속,37.5653,127.0093
서울특별시 중구청,서울특별시 중구 퇴계로56길 10-6,서울특별시 중구 쌍림동 225,쓰레기단속,37.5632,127.0054
서울특별시 중구청,서울특별시 중구 중림로7길 10 (중림동),서울특별시 중구 중림동 149-57,어린이보호,37.5584,126.9674
서울특별시 중구청,서울특별시 중구 퇴계로6길 36 (남창동),서울특별시 중구 남창동 202,어린이보호,37.5568,126.9791
서울특별시 중구청,서울특별시 중구 소파로 141,서울특별시중구남산동3가30-7,어린이보호,37.5598,126.9875
서울특별시 중구청,서울특별시 중구 서소문로 11길 19,서울특별시 중구 서소문동 37,어린이보호,37.5638,126.9730
서울특별시 중구청,서울특별시 중구 만리재로 33길22,서울특별시 중구 만리동1가 62-15,어린이보호,37.5556,126.9673
서울특별시 중구청,서울특별시 중구 퇴계로76길 68,서울특별시 중구 신당동 304-697,어린이보호,37.5623,127.0143
서울특별시 중구청,서울특별시 중구 다산로 168 (신당동),서울특별시 중구 청구동 333-165,어린이보호,37.5586,127.0132
서울특별시 중구청,서울특별시 중구 동호로7길 47-7 (신당동),서울특별시 중구 약수동 372-450,어린이보호,37.5515,127.0112
서울특별시 중구청,"서울특별시 중구 다산로 32 (신당동, 남산타운아파트7동 뒤편)",서울특별시 중구 약수동 산37-224,어린이보호,37.5464,127.0087
서울특별시 중구청,서울특별시 중구 다산로 32 (신당동),서울특별시 중구 약수동 844-1,어린이보호,37.5496,127.0122
서울특별시 중구청,서울특별시 중구 동호로10길 27 (신당동),서울특별시 중구 청구동 347-298,어린이보호,37.5550,127.0120
서울특별시 중구청,서울특별시 중구 다산로21길11,서울특별시 중구 신당동379-10,어린이보호,37.5579,127.0116
서울특별시 중구청,서울특별시 중구 퇴계로86가길 36 (신당동),서울특별시 중구 동화동 62-45,어린이보호,37.5617,127.0193
서울특별시 중구청,서울특별시 중구 퇴계로88다길 5 (신당동),서울특별시 중구 신당5동 67-137,어린이보호,37.5630,127.0199
서울특별시 중구청,서울특별시 중구 퇴계로50길13,서울특별시 중구 장충동2가173-7,어린이보호,37.5622,127.0012
서울특별시 중구청,서울특별시 중구 동호로 10길 30,서울특별시 중구 신당동 842,어린이보호,37.5546,127.0144
서울특별시 중구청,서울특별시 중구 동호로5길 193,서울특별시중구신당동844-10,어린이보호,37.5480,127.0100
서울특별시 중구청,서울특별시 중구 다산로36길 79,서울특별시중구신당동44-27,어린이보호,37.5606,127.0187
서울특별시 중구청,서울특별시 중구 다산로 24길 81,서울특별시 중구 신당동 333-177,어린이보호,37.5573,127.0166
서울특별시 중구청,서울특별시 중구 동호로27길 21,서울특별시 중구 묵정동 21-4,어린이보호,37.5602,127.0019
서울특별시 중구청,서울특별시 중구 퇴계로 36가길 38,서울특별시 중구 필동2가 104-1,어린이보호,37.5586,126.9954
서울특별시 중구청,서울특별시 중구 다산로 48길 33,서울특별시 중구 황학동 755,어린이보호,37.5673,127.0183
서울특별시 중구청,서울특별시 중구 퇴계로34길 28,서울특별시 중구 필동2가 84-1,재난재해,37.5584,126.9940
서울특별시 중구청,서울특별시 중구 필동로6길 40,서울특별시 중구 필동2가 134-28,재난재해,37.5539,126.9949
서울특별시 중구청,서울특별시 중구 장충단로 101,서울특별시 중구 장충동2가 산7-21,재난재해,37.5554,127.0016
서울특별시 중구청,서울특별시 중구 장충단로 59 옆,서울특별시 중구 장충동2가 산14-21,재난재해,37.5512,126.9966
서울특별시 중구청,서울특별시 중구 소파로2길 10,서울특별시 중구 예장동 8-3,재난재해,37.5571,126.9875
서울특별시 중구청,서울특별시 중구 필동로 32,서울특별시 중구 필동2가 98-1,차량방범,37.5589,126.9961
서울특별시 중구청,서울특별시 중구 을지로 39길 앞,서울특별시 중구 을지로6가 18-4,차량방범,37.5677,127.0050
서울특별시 중구청,서울특별시 중구 한강대로 416 서울역지하보도,서울특별시 중구 봉래동2가 84-11,생활방범,37.5562,126.9733
서울특별시 중구청,서울특별시 중구 한강대로 416 서울역지하보도,서울특별시 중구 봉래동2가 84-11,생활방범,37.5562,126.9733
서울특별시 중구청,서울특별시 중구 한강대로 416 서울역지하보도,서울특별시중구봉래동2가84-11,생활방범,37.5562,126.9733
서울특별시 중구청,서울특별시 중구 한강대로 416 서울역지하보도,서울특별시 중구 봉래동2가 84-11,생활방범,37.5562,126.9733
서울특별시 중구청,서울특별시 중구 명동8길 27 (명동2가),서울특별시 중구 명동2가 31-1,생활방범,37.5627,126.9854
서울특별시 중구청,서울특별시 중구 명동10길 52 (충무로2가),서울특별시 중구 충무로2가 65-4,생활방범,37.5616,126.9857
서울특별시 중구청,서울특별시 중구 퇴계로 115 (충무로1가),서울특별시 중구 충무로1가 64,생활방범,37.5609,126.9851
서울특별시 중구청,서울특별시 중구 명동길 20 (명동2가),서울특별시 중구 명동2가 55-1,생활방범,37.5637,126.9835
서울특별시 중구청,서울특별시 중구 퇴계로20나길 15 (남산동2가),서울특별시 중구 남산동2가 27-2,생활방범,37.5585,126.9854
서울특별시 중구청,서울특별시 중구 명동8나길 21 (충무로1가),서울특별시 중구 충무로1가 24-11,생활방범,37.5614,126.9841
서울특별시 중구청,서울특별시 중구 명동9길 29 (을지로2가),서울특별시 중구 을지로2가 195,생활방범,37.5650,126.9844
서울특별시 중구청,서울특별시 중구 명동길 74 (명동2가),서울특별시 중구 명동2가 1-1,생활방범,37.5641,126.9863
서울특별시 중구청,서울특별시 중구 명동길 93 (저동1가),서울특별시 중구 저동1가 43-3,생활방범,37.5648,126.9874
서울특별시 중구청,서울특별시 중구 칠패로 5,서울특별시 중구 의주로2가 16-4,생활방범,37.5600,126.9693
서울특별시 중구청,서울특별시 중구 칠패로 5,서울특별시 중구 의주로2가 16-4,생활방범,37.5599,126.9703
서울특별시 중구청,서울특별시 중구 칠패로 5,서울특별시 중구 의주로2가 16-4,생활방범,37.5602,126.9703
서울특별시 중구청,서울특별시 중구 칠패로 5,서울특별시 중구 의주로2가 16-4,생활방범,37.5604,126.9699
서울특별시 중구청,서울특별시 중구 칠패로 5,서울특별시 중구 의주로2가 16-4,생활방범,37.5607,126.9697
서울특별시 중구청,서울특별시 중구 칠패로 5,서울특별시 중구 의주로2가 16-4,생활방범,37.5609,126.9696
서울특별시 중구청,서울특별시 중구 세종대로 69-14,서울특별시 중구 서소문동 116,생활방범,37.5628,126.9755
서울특별시 중구청,서울특별시 중구 난계로 6길 8,서울특별시 중구 신당5동 산12-75,생활방범,37.5630,127.0242
서울특별시 중구청,서울특별시 중구 난계로 6길 8,서울특별시 중구 신당5동 산12-75,생활방범,37.5627,127.0248
서울특별시 중구청,서울특별시 중구 장교동 1,서울특별시 중구 삼일대로 363,생활방범,37.5679,126.9867
서울특별시 중구청,서울특별시 중구 손기정로 101 (만리동2가),서울특별시 중구 만리동1가 57-7,생활방범,37.5557,126.9636
서울특별시 중구청,서울특별시 중구 손기정로 101 (만리동2가),서울특별시 중구 만리동1가 57-7,생활방범,37.5557,126.9643
서울특별시 중구청,서울특별시 중구 손기정로 101 (만리동2가),서울특별시 중구 만리동1가 57-7,생활방범,37.5552,126.9640
서울특별시 중구청,서울특별시 중구 손기정로 101 (만리동2가),서울특별시 중구 만리동1가 57-7,생활방범,37.5553,126.9645
서울특별시 중구청,서울특별시 중구 손기정로 101 (만리동2가),서울특별시 중구 만리동1가 57-7,생활방범,37.5556,126.9650
서울특별시 중구청,서울특별시 중구 손기정로 101 (만리동2가),서울특별시 중구 만리동1가 57-7,생활방범,37.5559,126.9651
서울특별시 중구청,서울특별시 중구 손기정로 101 (만리동2가),서울특별시 중구 만리동1가 57-7,생활방범,37.5562,126.9656
서울특별시 중구청,서울특별시 중구 손기정로 101 (만리동2가),서울특별시 중구 만리동1가 57-7,생활방범,37.5559,126.9660
서울특별시 중구청,서울특별시 중구 손기정로 101 (만리동2가),서울특별시 중구 만리동1가 57-7,생활방범,37.5568,126.9661
서울특별시 중구청,서울특별시 중구 다산로42나길 12 앞,서울특별시 중구 다산동 122-10,생활방범,37.5639,127.0189
서울특별시 중구청,서울특별시 중구 다산로42나길 12 앞,서울특별시 중구 다산동 122-10,생활방범,37.5639,127.0189
서울특별시 중구청,서울특별시 중구 을지로227,서울특별시 중구 을지로5가40-3,생활방범,37.5520,127.0045
서울특별시 중구청,서울특별시 중구 을지로227,서울특별시 중구 을지로5가40-3,생활방범,37.5520,127.0045
서울특별시 중구청,서울특별시 중구 을지로227,서울특별시 중구 을지로5가40-3,생활방범,37.5520,127.0045
서울특별시 중구청,서울특별시 중구 청구로 112,서울특별시 중구 신당동 390-56,차량방범,37.5617,127.0106
서울특별시 중구청,서울특별시 중구 다산로 64 앞,서울특별시 중구 약수동 366-104,차량방범,37.5501,127.0076
